タイトル,アーティスト,url,開始時刻,終了時刻,非表示,memo,upload_date
神っぽいな,ピノキオピー,https://www.youtube.com/watch?v=cSGGM6yJZjI,0,204,0,,2022/06/28
文学少年の憂鬱,ナノウ,https://www.youtube.com/watch?v=pShQ1c8Vimo,0,369,0,,2022/07/22
きゅうくらりん,いよわ,https://www.youtube.com/watch?v=b7BM_sVx84A,0,369,0,,2022/08/17
Christmas Morgue,ハチ,https://www.youtube.com/watch?v=HW4s-QOhr8Y,0,258,0,,2022/12/24
クーネル・エンゲイザー,電‡鯨,https://www.youtube.com/watch?v=fg7dSXF-bg8,0,258,0,,2023/01/26
ももいろの鍵,いよわ,https://www.youtube.com/watch?v=Um6F0XX2uww,0,202,0,,2023/10/09
水死体にもどらないで,いよわ,https://www.youtube.com/watch?v=hiAoTN9tDz8,0,227,0,,2023/11/24
flos,R Sound Design,https://www.youtube.com/watch?v=OZ-oDvyt_k0,0,275,0,,2023/12/25
アイデンティティ,Kanaria,https://www.youtube.com/shorts/lrZwZ_HqgvA,0,60,0,,2022/08/21
いかないで,想太,https://www.youtube.com/shorts/EQbpY_oX_MI,0,61,0,,2022/08/22
ヴァンパイア,DECO*27,https://www.youtube.com/shorts/BCn7JV174pg,0,57,0,,2022/08/23
エンヴィーベイビー,Kanaria,https://www.youtube.com/shorts/bBk1Y_qk1Yk,0,58,0,,2022/08/24
乙女解剖,DECO*27,https://www.youtube.com/shorts/UIK2T-JdcAQ,0,57,0,,2022/08/25
カロン,KuifiQ,https://www.youtube.com/shorts/K8TKpmQpGZE,0,60,0,,2022/08/26
KING,Kanaria,https://www.youtube.com/shorts/iSNdbdH_QKI,0,60,0,,2022/08/27
グリーンライツセレナーデ,Omoi,https://www.youtube.com/shorts/qOITKBW5RG4,0,54,0,,2022/08/28
ケッペキショウ,すこっぷ,https://www.youtube.com/shorts/rWqmGo-NouQ,0,59,0,,2022/08/29
交感ノート,YM,https://www.youtube.com/shorts/qx3NVlS76fA,0,55,0,,2022/08/30
サボテンと蜃気楼,KNOTS,https://www.youtube.com/shorts/2Na4SpoEgDw,0,59,0,,2022/08/31
少女レイ,みきと,https://www.youtube.com/shorts/NHAUKMhWIDc,0,61,0,,2022/09/01
砂の惑星,ハチ,https://www.youtube.com/shorts/zIU0cfl-OdU,0,53,0,,2022/09/02
1000年生きてる,いよわ,https://www.youtube.com/shorts/9sJfUou6OV4,0,46,0,,2022/09/03
それがあなたの幸せとしても,Heavenz,https://www.youtube.com/shorts/rCkTvvyUtug,0,61,0,,2022/09/04
ダーリンダンス,かいりきベア,https://www.youtube.com/shorts/MzkGfeifaLU,0,54,0,,2022/09/05
チュルリラチュルリラダッダッダ,和田たけあき,https://www.youtube.com/shorts/agBIiUUcovg,0,55,0,,2022/09/06
つきうさぎ,OSTER project,https://www.youtube.com/shorts/W0-I69F_YzM,0,61,0,,2022/09/07
帝国少女,R Sound Design,https://www.youtube.com/shorts/UPC0NGOBSg0,0,50,0,,2022/09/08
ド屑,なきそ,https://www.youtube.com/shorts/T9krwATcCdo,0,55,0,,2022/09/09
夏に去りし君を想フ,baker,https://www.youtube.com/shorts/glZsvfe70KA,0,41,0,,2022/09/10
ニビョウカン,MARUDARUMA,https://www.youtube.com/shorts/HfjUpTj8KT8,0,61,0,,2022/09/11
脱げばいいってモンじゃない！,デッドボールP,https://www.youtube.com/shorts/wSv1rQ21hKI,0,61,0,,2022/09/12
ネトゲ廃人シュプレヒコール,TENKOMORI,https://www.youtube.com/shorts/uTmUGXUuoD0,0,59,0,,2022/09/13
No logic,ジミーサムP,https://www.youtube.com/shorts/zBnMZXXZlMs,0,52,0,,2022/09/14
ハロ／ハワユ,ナノウ,https://www.youtube.com/shorts/IcqkrGLqkLQ,0,61,0,,2022/09/15
ビターチョコデコレーション,syudou,https://www.youtube.com/shorts/TSsXBUb8_as,0,61,0,,2022/09/16
フラジール,ぬゆり,https://www.youtube.com/shorts/WAan6WjMKH0,0,61,0,,2022/09/17
ベノム,かいりきベア,https://www.youtube.com/shorts/LTMy6fktfkY,0,61,0,,2022/09/18
ボッカデラベリタ,柊キライ,https://www.youtube.com/shorts/kIr9VQggk58,0,49,0,,2022/09/19
マーシャルマキシマイザー,柊マグネタイト,https://www.youtube.com/shorts/tYPwCeb-9bE,0,57,0,,2022/09/20
ミルククラウンオンソーチネカ,ユジー,https://www.youtube.com/shorts/1OeyDpK8jQ8,0,50,0,,2022/09/21
むかしむかしのきょうのぼく,DECO*27，Acoustic. ver にゃこin 二丁目,https://www.youtube.com/shorts/ZgM7-yrjsfY,0,59,0,,2022/09/22
メルティランドナイトメア,はるまきごはん,https://www.youtube.com/shorts/bpMlO-Zi9xE,0,60,0,,2022/09/23
妄想疾患■ガール,もじゃ(大柴広己)編曲 れるりり,https://www.youtube.com/shorts/BR-__BgGK4E,0,35,0,,2022/09/24
闇色アリス,samfree,https://www.youtube.com/shorts/Xi9ADUS_BPo,0,42,0,,2022/09/25
幽霊東京,ayase,https://www.youtube.com/shorts/E6wvQ7IVsL0,0,59,0,,2022/09/26
ラストリゾート,ayase,https://www.youtube.com/shorts/EfS_ZztC3P0,0,54,0,,2022/09/28
リンネ,ハチ,https://www.youtube.com/shorts/z4SaM8j_wrQ,0,53,0,,2022/09/29
ルーゲルダ,KulfiQ,https://www.youtube.com/shorts/zELl0JO78q8,0,53,0,,2022/09/30
レゾンデートル頂戴,YM,https://www.youtube.com/shorts/taUqjWedWVk,0,50,0,,2022/10/01
炉心融解,iroha,https://www.youtube.com/shorts/_wSHrhgSzrU,0,56,0,,2022/10/02
ワンダーランドと羊の歌,ハチ,https://www.youtube.com/shorts/tnJOQ6ndd_Q,0,57,0,,2022/10/03
ヲズワルド,煮ル果実,https://www.youtube.com/shorts/s2Xpis4Fo38,0,49,0,,2022/10/04
んっあっあっ,SLAVE.V-V-R,https://www.youtube.com/shorts/w2bfBuOInAk,0,45,0,,2022/10/05
Christmas Morgue,ハチ,https://www.youtube.com/shorts/l6gcolfEi34,0,58,0,,2022/12/24
Nyanyanyanyanyanyanya!,daniwell,https://www.youtube.com/shorts/6r82UVE7Wro,0,61,0,,2023/02/23
クーネル・エンゲイザー,電‡鯨,https://www.youtube.com/shorts/hQaAci8YSX8,0,23,0,,2023/05/13
可愛くてごめん,HoneyWorks,https://www.youtube.com/shorts/Tt1r4meDi98,0,27,0,,2023/05/20
約束をしよう,supercell,https://www.youtube.com/shorts/hfYDHvL_QvU,0,34,0,,2023/05/21
INTERNET YAMERO,Aiobahn,https://www.youtube.com/shorts/yUEkubyFRO4,0,21,0,,2023/06/03
おくすり飲んで寝よう,もちうつね,https://www.youtube.com/shorts/OPkxacOqQ1w,0,38,0,,2023/10/14
粛聖!! ロリ神レクイエム☆,しぐれうい,https://www.youtube.com/shorts/cFkLIE2ij6U,0,13,0,,2023/10/15
ももいろの鍵,いよわ,https://www.youtube.com/shorts/rJPvEF4Mfs4,0,14,0,,2023/10/20
人マニア,原口沙輔,https://www.youtube.com/shorts/Qv-G6k0V2IE,0,22,0,,2023/10/21
けーたいみしてよ,MAISONdes feat. はしメロ,https://www.youtube.com/shorts/PwSkny1LU0A,0,18,0,,2023/10/22
ボルテッカー,DECO*27,https://www.youtube.com/shorts/VG00W2nYaww,0,23,0,,2023/10/29
カルチャ,ツミキ,https://www.youtube.com/shorts/Qe2g5CPpVk4,0,13,0,,2023/11/12
すきっちゅーの,HoneyWorks,https://www.youtube.com/shorts/GpFGtbsBlNo,0,20,0,,2024/02/14
ベノム,かいりきベア,https://www.youtube.com/watch?v=yCPFhf7OYIc,7:34,650,1,音が混ざっているため,2022/07/02
酔いどれ知らず,kanaria,https://www.youtube.com/watch?v=yCPFhf7OYIc,13:56,975,0,,2022/07/02
マーシャルマキシマイザー,柊マグネタイト,https://www.youtube.com/watch?v=yCPFhf7OYIc,19:32,1331,0,,2022/07/02
帝国少女,R Sound Design,https://www.youtube.com/watch?v=yCPFhf7OYIc,26:15,1829,0,,2022/07/02
孤独の宗教,syudou,https://www.youtube.com/watch?v=yCPFhf7OYIc,35:28,2318,0,,2022/07/02
ミルククラウン・オン・ソーネチカ,ユジー,https://www.youtube.com/watch?v=yCPFhf7OYIc,41:49,2722,0,,2022/07/02
チュルリラ・チュルリラ・ダッダッダ！,和田たけあき(くらげP),https://www.youtube.com/watch?v=yCPFhf7OYIc,51:01,3254,0,,2022/07/02
神ぽいな,ピノキオピー,https://www.youtube.com/watch?v=MzKgUpU2whM,8:09,693,0,,2022/07/09
ビターチョコデコレーション,syudou,https://www.youtube.com/watch?v=MzKgUpU2whM,16:39,1238,0,,2022/07/09
キュートなカノジョ,syudou,https://www.youtube.com/watch?v=MzKgUpU2whM,28:50,1859,0,,2022/07/09
魔法少女とチョコレゐト,ピノキオピー,https://www.youtube.com/watch?v=MzKgUpU2whM,39:35,2560,0,,2022/07/09
エンヴィーベイビー,Kanaria,https://www.youtube.com/watch?v=MzKgUpU2whM,50:21,3155,0,,2022/07/09
晴天を穿つ,傘村トータ,https://www.youtube.com/watch?v=MzKgUpU2whM,57:17,3634,0,,2022/07/09
アイデンティティ,kanaria,https://www.youtube.com/watch?v=2VYYdYscXn4,9:08,699,0,,2022/07/16
あなたクランケン,tamon,https://www.youtube.com/watch?v=2VYYdYscXn4,18:06,1297,0,,2022/07/16
ヴァンパイア,DECO*27,https://www.youtube.com/watch?v=2VYYdYscXn4,29:09,1928,0,,2022/07/16
少女レイ,みきとP,https://www.youtube.com/watch?v=2VYYdYscXn4,38:32,2593,0,,2022/07/16
フォニイ,ツミキ,https://www.youtube.com/watch?v=2VYYdYscXn4,57:58,3665,0,,2022/07/16
マトリョシカ,HACHI,https://www.youtube.com/watch?v=2VYYdYscXn4,1:26:02,5360,0,,2022/07/16
アスノヨゾラ哨戒班,Orangestar,https://www.youtube.com/watch?v=2VYYdYscXn4,1:30:58,5521,0,,2022/07/16
天ノ弱,164,https://www.youtube.com/watch?v=2VYYdYscXn4,1:34:53,5879,0,,2022/07/16
Don't say lazy,桜高軽音部 (けいおん!!),https://www.youtube.com/watch?v=2VYYdYscXn4,1:41:02,6322,0,,2022/07/16
ハロ/ハワユ,ナノウ,https://www.youtube.com/watch?v=2VYYdYscXn4,1:48:44,6809,0,,2022/07/16
ファンサ,HoneyWorks,https://www.youtube.com/watch?v=2VYYdYscXn4,1:58:50,7211,0,,2022/07/16
フラジール,GUMI,https://www.youtube.com/watch?v=6urvlcXECLI,3:09,426,0,,2022/07/23
ECHO,Crusher,https://www.youtube.com/watch?v=6urvlcXECLI,23:04,1611,0,,2022/07/23
グリーンライツ・セレナーデ,Omoi,https://www.youtube.com/watch?v=6urvlcXECLI,37:07,2464,0,,2022/07/23
ドーナツホール,ハチ,https://www.youtube.com/watch?v=6urvlcXECLI,50:44,3248,0,,2022/07/23
そばかす,JUDY AND MARY,https://www.youtube.com/watch?v=6urvlcXECLI,1:00:02,3856,0,,2022/07/23
冒険でしょでしょ,平野綾,https://www.youtube.com/watch?v=6urvlcXECLI,1:20:06,5061,0,,2022/07/23
愛されなくても君がいる,ピノキオピー,https://www.youtube.com/watch?v=6urvlcXECLI,1:32:08,5801,0,,2022/07/23
きゅうくらりん,いよわ,https://www.youtube.com/watch?v=-D6kvhnzXX0,5:35,546,0,,2022/07/30
いーあーるふぁんくらぶ,みきとP,https://www.youtube.com/watch?v=-D6kvhnzXX0,20:00,1434,0,,2022/07/30
crack,Keeno,https://www.youtube.com/watch?v=-D6kvhnzXX0,35:00,2367,0,,2022/07/30
SuperDriver,平野綾,https://www.youtube.com/watch?v=-D6kvhnzXX0,56:22,3636,0,,2022/07/30
夏祭り,White berry,https://www.youtube.com/watch?v=-D6kvhnzXX0,1:04:34,4101,0,,2022/07/30
secret base〜君がくれたもの〜,ZONE,https://www.youtube.com/watch?v=-D6kvhnzXX0,1:17:24,4956,0,,2022/07/30
君じゃなきゃダメみたい,オーイシマサヨシ,https://www.youtube.com/watch?v=-D6kvhnzXX0,1:35:55,5985,0,,2022/07/30
メルト,supercell,https://www.youtube.com/watch?v=hY7NTy1s9DU,2:12,389,0,,2022/08/06
バレリーコ,みきと,https://www.youtube.com/watch?v=hY7NTy1s9DU,18:05,1330,0,,2022/08/06
God knows...,平野綾,https://www.youtube.com/watch?v=hY7NTy1s9DU,36:37,2474,0,,2022/08/06
恋愛勇者,LastNote.,https://www.youtube.com/watch?v=hY7NTy1s9DU,49:04,3212,0,,2022/08/06
星間飛行,中島愛,https://www.youtube.com/watch?v=hY7NTy1s9DU,56:35,3625,0,,2022/08/06
八月、某、月明かり,ヨルシカ,https://www.youtube.com/watch?v=hY7NTy1s9DU,1:05:59,4195,0,,2022/08/06
エイリアンエイリアン,ナユタン星人,https://www.youtube.com/watch?v=gri0ezel4hc,15:57,1134,0,,2022/08/20
パズル,クワガタP,https://www.youtube.com/watch?v=gri0ezel4hc,23:15,1647,0,,2022/08/20
セツナトリップ,Last note.,https://www.youtube.com/watch?v=gri0ezel4hc,46:51,3055,0,,2022/08/20
少女レイ,みきと,https://www.youtube.com/watch?v=gri0ezel4hc,53:27,3494,0,,2022/08/20
ハロ／ハワユ,ナノウ,https://www.youtube.com/watch?v=gri0ezel4hc,1:02:11,4008,0,,2022/08/20
君の知らない物語,supercell,https://www.youtube.com/watch?v=aqIK-ApMLfk,42:57,2918,0,,2022/08/26
地球最後の告白を,kemu,https://www.youtube.com/watch?v=aqIK-ApMLfk,59:45,3849,0,,2022/08/26
ストロボメモリー,内田真礼,https://www.youtube.com/watch?v=aqIK-ApMLfk,1:08:54,4417,0,,2022/08/26
フォニィ,ツミキ,https://www.youtube.com/watch?v=aqIK-ApMLfk,1:19:16,4942,0,,2022/08/26
ルージュの伝言,荒井由美,https://www.youtube.com/watch?v=aqIK-ApMLfk,2:01:52,7492,0,,2022/08/26
ダダダダ天使,ナナヲアカリ,https://www.youtube.com/watch?v=aqIK-ApMLfk,2:19:04,8560,0,,2022/08/26
取り柄のないクズだって生きてていいだろが,ヘルニア,https://www.youtube.com/watch?v=icsTe2cKCqM,13:32,1006,0,,2022/09/03
惨事のハニー,梨本うい,https://www.youtube.com/watch?v=icsTe2cKCqM,18:43,1439,0,,2022/09/03
オートファジー,柊キライ,https://www.youtube.com/watch?v=icsTe2cKCqM,27:33,1868,0,,2022/09/03
邪魔,syudou,https://www.youtube.com/watch?v=icsTe2cKCqM,34:22,2269,0,,2022/09/03
愛に奇術師,koyori,https://www.youtube.com/watch?v=icsTe2cKCqM,41:28,2723,0,,2022/09/03
フィクサー,ぬゆり,https://www.youtube.com/watch?v=icsTe2cKCqM,49:08,3190,0,,2022/09/03
キミナシビジョン,KulfiQ,https://www.youtube.com/watch?v=icsTe2cKCqM,55:33,3592,0,,2022/09/03
あとのまつり,Peg,https://www.youtube.com/watch?v=icsTe2cKCqM,1:10:00,4393,0,,2022/09/03
未完成人間,YM,https://www.youtube.com/watch?v=icsTe2cKCqM,1:17:16,4849,0,,2022/09/03
きゅうくらりん,いよわ,https://www.youtube.com/watch?v=lcvmIJOcKgw,24:55,1726,0,,2022/09/23
ド屑,なきそ,https://www.youtube.com/watch?v=lcvmIJOcKgw,45:00,2817,0,,2022/09/23
ネトゲ廃人シュプレヒコール,TENKOMORI,https://www.youtube.com/watch?v=lcvmIJOcKgw,54:33,3532,0,,2022/09/23
ぽっぴっぽー,ラマーズP,https://www.youtube.com/watch?v=lcvmIJOcKgw,1:07:39,4237,0,,2022/09/23
参月の雨,えこ。,https://www.youtube.com/watch?v=lcvmIJOcKgw,1:26:06,5443,0,,2022/09/23
LOVEずっきゅん,相対性理論,https://www.youtube.com/watch?v=lcvmIJOcKgw,2:17:21,8437,0,,2022/09/23
僕たちが恋をする理由,坂本真綾,https://www.youtube.com/watch?v=RY2Cche0o14,18:10,1422,0,,2022/09/30
カトラリー,有機酸,https://www.youtube.com/watch?v=RY2Cche0o14,37:30,2486,0,,2022/09/30
ETERNAL WIND〜ほほえみは光る風の中〜,森口博子,https://www.youtube.com/watch?v=RY2Cche0o14,55:43,3621,0,,2022/09/30
僕たちはひとつの光,μ's,https://www.youtube.com/watch?v=RY2Cche0o14,1:09:47,4478,0,,2022/09/30
メーベル,須田景凪,https://www.youtube.com/watch?v=RY2Cche0o14,1:31:05,5655,0,,2022/09/30
ORCA,小林オニキス,https://www.youtube.com/watch?v=RY2Cche0o14,1:50:10,6888,0,,2022/09/30
君が君が,baker,https://www.youtube.com/watch?v=RY2Cche0o14,1:58:48,7356,0,,2022/09/30
アカルイミライ,クワガタP,https://www.youtube.com/watch?v=OfDx9O8g6ko,16:40,1256,0,,2022/10/08
ヒト(リ)ゴト,KEI,https://www.youtube.com/watch?v=OfDx9O8g6ko,25:52,1818,0,,2022/10/08
クラウン,KuifiQ,https://www.youtube.com/watch?v=OfDx9O8g6ko,37:58,2527,0,,2022/10/08
ラビットフォーゲッツ,KNOTS,https://www.youtube.com/watch?v=OfDx9O8g6ko,49:52,3280,0,,2022/10/08
ジェヘナ,wotaku,https://www.youtube.com/watch?v=OfDx9O8g6ko,58:46,3771,0,,2022/10/08
ハロ／ハワユ,ナノウ,https://www.youtube.com/watch?v=OfDx9O8g6ko,1:07:11,4314,0,,2022/10/08
回る空うさぎ,Orangestar,https://www.youtube.com/watch?v=MLw6x7wgdqs,12:08,905,0,,2022/10/15
つきうさぎ,OSTER project,https://www.youtube.com/watch?v=MLw6x7wgdqs,20:32,1576,0,,2022/10/15
フラジール,ぬゆり,https://www.youtube.com/watch?v=MLw6x7wgdqs,45:45,3013,0,,2022/10/15
だから僕は音楽を辞めた,ヨルシカ,https://www.youtube.com/watch?v=MLw6x7wgdqs,59:03,3792,0,,2022/10/15
沙上の夢喰い少女,ハチ,https://www.youtube.com/watch?v=MLw6x7wgdqs,1:09:54,4430,0,,2022/10/15
Happy Halloween,Junky,https://www.youtube.com/watch?v=QlLo-8nX7gU,6:35,638,0,,2022/10/29
花の塔,さユり,https://www.youtube.com/watch?v=QlLo-8nX7gU,17:28,1323,0,,2022/10/29
Mrs.pumpkinの滑稽な夢,,https://www.youtube.com/watch?v=QlLo-8nX7gU,30:44,2096,0,,2022/10/29
fake town baby,UNISON SQUARE GARDEN,https://www.youtube.com/watch?v=QlLo-8nX7gU,47:30,3112,0,,2022/10/29
ヴァンパイア,DECO*27,https://www.youtube.com/watch?v=QlLo-8nX7gU,56:28,3567,0,,2022/10/29
トンデモワンダーズ,sasakure.UK,https://www.youtube.com/watch?v=QlLo-8nX7gU,1:10:32,4425,0,,2022/10/29
ラグトレイン,稲葉曇,https://www.youtube.com/watch?v=ne01NJyfD7o,20:08,1458,0,,2022/11/05
感情ディシーブ,ろーある,https://www.youtube.com/watch?v=ne01NJyfD7o,31:46,2026,0,,2022/11/05
うまぴょい伝説,ウマ娘さんたち,https://www.youtube.com/watch?v=ne01NJyfD7o,51:03,3326,0,,2022/11/05
メーベル,バルーン,https://www.youtube.com/watch?v=ne01NJyfD7o,1:37:26,6036,0,,2022/11/05
アンドロイドガール,DECO*27,https://www.youtube.com/watch?v=3CP1GJZaic8,13:15,1004,0,,2022/11/12
No logic,ジミーサムP,https://www.youtube.com/watch?v=3CP1GJZaic8,21:18,1534,0,,2022/11/12
サリシノハラ,みきとP,https://www.youtube.com/watch?v=3CP1GJZaic8,28:57,2006,0,,2022/11/12
ジャンキーナイトタウンオーケストラ,すりぃ,https://www.youtube.com/watch?v=3CP1GJZaic8,50:15,3228,0,,2022/11/12
幽霊東京,Ayase,https://www.youtube.com/watch?v=3CP1GJZaic8,1:09:54,4395,0,,2022/11/12
glow,Keeno,https://www.youtube.com/watch?v=6geh13OnWsw,3:30,490,0,,2022/11/19
夕日坂,Doriko,https://www.youtube.com/watch?v=6geh13OnWsw,12:59,1150,0,,2022/11/19
繰り返し一粒,猫虫,https://www.youtube.com/watch?v=6geh13OnWsw,30:14,2063,0,,2022/11/19
RIP=RELEASE,流星P,https://www.youtube.com/watch?v=6geh13OnWsw,40:47,2696,0,,2022/11/19
ヒネクレタシンプル,YM,https://www.youtube.com/watch?v=6geh13OnWsw,1:08:07,4266,0,,2022/11/19
アプリコット,いよわ,https://www.youtube.com/watch?v=_6mWT3dKdjU,11:09,872,0,,2022/11/26
フォニイ,ツミキ,https://www.youtube.com/watch?v=_6mWT3dKdjU,32:27,2133,0,,2022/11/26
ワンダーランドと羊の歌,ハチ,https://www.youtube.com/watch?v=_6mWT3dKdjU,43:28,2890,0,,2022/11/26
恋愛サーキュレーション,千石撫子,https://www.youtube.com/watch?v=_6mWT3dKdjU,1:11:33,4544,0,,2022/11/26
Snow halation,μ’s,https://www.youtube.com/watch?v=_6mWT3dKdjU,1:32:44,5818,0,,2022/11/26
シザーハンズ,Nem,https://www.youtube.com/watch?v=pabCqEbbZ0s,10:08,877,0,,2022/12/03
ガーネット,奥華子,https://www.youtube.com/watch?v=pabCqEbbZ0s,37:27,2561,0,,2022/12/03
少年よ我に帰れ,やくしまるえつこメトロオーケストラ,https://www.youtube.com/watch?v=pabCqEbbZ0s,56:33,3777,0,,2022/12/03
テレパステレパス,KNOTS,https://www.youtube.com/watch?v=EfApMATUE4w,26:30,1791,0,,2022/12/10
ギラギラ,Ado,https://www.youtube.com/watch?v=EfApMATUE4w,51:30,3361,0,,2022/12/10
シュガーソングとビターステップ,UNISON SQUARE GARDEN,https://www.youtube.com/watch?v=EfApMATUE4w,1:10:50,4501,0,,2022/12/10
ほうき星,ユンナ,https://www.youtube.com/watch?v=EfApMATUE4w,1:31:47,5702,0,,2022/12/10
ねむるまち,くじら,https://www.youtube.com/watch?v=95QjrBXm9rA,12:35,951,0,,2022/12/17
初音ミクの消失,CosMo@暴走P,https://www.youtube.com/watch?v=95QjrBXm9rA,38:47,2609,0,,2022/12/17
脳漿炸裂ガール,れるりり,https://www.youtube.com/watch?v=95QjrBXm9rA,49:36,3166,0,,2022/12/17
カゲロウデイズ,じん,https://www.youtube.com/watch?v=95QjrBXm9rA,55:22,3553,0,,2022/12/17
Overdose,なとり,https://www.youtube.com/watch?v=95QjrBXm9rA,1:08:00,4272,0,,2022/12/17
*ハロー、プラネット。,sasakure.UK,https://www.youtube.com/watch?v=95QjrBXm9rA,1:44:57,6596,0,,2022/12/17
クリスマスツリーを切り倒せ!,デッドボールP,https://www.youtube.com/watch?v=4SpAu62Dlz0,2:42,407,0,,2022/12/24
flos,R Sound Design,https://www.youtube.com/watch?v=4SpAu62Dlz0,18:03,1353,0,,2022/12/24
初めての恋が終わる時,supercell,https://www.youtube.com/watch?v=4SpAu62Dlz0,28:49,2042,0,,2022/12/24
くちづけDiamond,WEAVER,https://www.youtube.com/watch?v=4SpAu62Dlz0,43:02,2815,0,,2022/12/24
アスノヨゾラ哨戒班,Orangestar,https://www.youtube.com/watch?v=4SpAu62Dlz0,58:15,3668,0,,2022/12/24
夏祭り,WhiteBerry,https://www.youtube.com/watch?v=4SpAu62Dlz0,1:06:13,4199,0,,2022/12/24
from Y to Y,ジミーサムＰ,https://www.youtube.com/watch?v=4SpAu62Dlz0,1:15:57,4886,0,,2022/12/24
サイレント・イヴ,辛島美登里,https://www.youtube.com/watch?v=JdS5ZpPC5EM,1:52:03,7002,0,,2022/12/25
脱法ロック,Neru,https://www.youtube.com/watch?v=GJFhYERFv_U,23:00,1563,0,,2022/12/30
パジャミィ,いよわ,https://www.youtube.com/watch?v=GJFhYERFv_U,40:45,2638,0,,2022/12/30
1/2,川本真琴,https://www.youtube.com/watch?v=GJFhYERFv_U,59:49,3901,0,,2022/12/30
歩いて帰ろう,斉藤和義,https://www.youtube.com/watch?v=GJFhYERFv_U,1:15:46,4754,0,,2022/12/30
夜明けと蛍,n-buna,https://www.youtube.com/watch?v=GJFhYERFv_U,1:37:15,6141,0,,2022/12/30
アドバンス・アドベンチャー~Advance Adventure~,GARDEN,https://www.youtube.com/watch?v=GJFhYERFv_U,1:52:53,6861,0,,2022/12/30
ヒトリノ夜,ポルノグラフィティ,https://www.youtube.com/watch?v=GJFhYERFv_U,2:00:26,7472,0,,2022/12/30
ファンサ,HoneyWorks,https://www.youtube.com/watch?v=KLb9i5nxJ6M,29:14,2003,0,,2023/01/07
アニマル,DECO*27,https://www.youtube.com/watch?v=KLb9i5nxJ6M,41:37,2648,0,,2023/01/07
さようなら、花泥棒さん,メル,https://www.youtube.com/watch?v=KLb9i5nxJ6M,51:22,3349,0,,2023/01/07
ひねくれ者,supercell(アカペラ),https://www.youtube.com/watch?v=KLb9i5nxJ6M,1:12:24,4552,0,,2023/01/07
異星にいこうね,いよわ,https://www.youtube.com/watch?v=KLb9i5nxJ6M,1:21:58,5084,0,,2023/01/07
乾涸びたバスひとつ,米津玄師,https://www.youtube.com/watch?v=y321oU0QBs0,6:17,676,0,,2023/01/14
ワールドイズマイン,ryo,https://www.youtube.com/watch?v=y321oU0QBs0,16:11,1223,0,,2023/01/14
chocolate insomnia,羽川翼(CV.堀江由衣),https://www.youtube.com/watch?v=y321oU0QBs0,35:15,2388,0,,2023/01/14
君のせい,the peggies,https://www.youtube.com/watch?v=y321oU0QBs0,48:00,2975,0,,2023/01/14
約束をしよう,supercell,https://www.youtube.com/watch?v=y321oU0QBs0,1:01:00,3852,0,,2023/01/14
Nyanyanyanyanyanyanya!,daniwell,https://www.youtube.com/watch?v=tcrmT79Je5U,23:00,1600,1,(アカペラ)※BGM入れ忘れた※,2023/01/28
ギブス,椎名林檎,https://www.youtube.com/watch?v=tcrmT79Je5U,45:43,3074,0,,2023/01/28
メルト,supercell,https://www.youtube.com/watch?v=tcrmT79Je5U,1:08:25,4363,0,,2023/01/28
君の知らない物語,supercell,https://www.youtube.com/watch?v=M-BFrjf_BjQ,16:50,1347,0,,2023/02/04
創世のアクエリオン,AKINO,https://www.youtube.com/watch?v=M-BFrjf_BjQ,31:00,2140,0,,2023/02/04
コネクト,ClariS,https://www.youtube.com/watch?v=M-BFrjf_BjQ,39:30,2636,0,,2023/02/04
only my railgun,FripSide,https://www.youtube.com/watch?v=M-BFrjf_BjQ,51:40,3349,0,,2023/02/04
ブルーバード,いきものがかり,https://www.youtube.com/watch?v=M-BFrjf_BjQ,1:00:10,3821,0,,2023/02/04
lost my music,平野綾,https://www.youtube.com/watch?v=M-BFrjf_BjQ,1:07:22,4295,0,,2023/02/04
Butter-fly,和田光司,https://www.youtube.com/watch?v=M-BFrjf_BjQ,1:20:24,5079,0,,2023/02/04
好き！雪！本気マジック,Mitchie M,https://www.youtube.com/watch?v=z-94pKEwE3o,8:54,731,0,,2023/02/11
Dear,19's Sound Factory,https://www.youtube.com/watch?v=z-94pKEwE3o,17:40,1326,0,,2023/02/11
夜明けと蛍,N-buna,https://www.youtube.com/watch?v=z-94pKEwE3o,27:33,1960,0,,2023/02/11
花の塔,さユり,https://www.youtube.com/watch?v=z-94pKEwE3o,50:12,3287,0,,2023/02/11
KICK BACK,米津玄師,https://www.youtube.com/watch?v=z-94pKEwE3o,1:14:20,4652,0,,2023/02/11
メランコリック,Junky,https://www.youtube.com/watch?v=z-94pKEwE3o,1:22:39,5175,0,,2023/02/11
おくすり飲んで寝よう,もちうつね,https://www.youtube.com/watch?v=TItBVPlCiPc,40:15,2601,0,,2023/02/18
＊ハロー、プラネット。,sasakure.UK,https://www.youtube.com/watch?v=TItBVPlCiPc,47:49,3168,0,,2023/02/18
ビターチョコデコレーション,syudou,https://www.youtube.com/watch?v=TItBVPlCiPc,56:48,3603,0,,2023/02/18
シャンティ,wotaku,https://www.youtube.com/watch?v=TItBVPlCiPc,1:10:46,4407,0,,2023/02/18
ソラニン,ASIAN KUNG-FU GENERATION,https://www.youtube.com/watch?v=TItBVPlCiPc,1:22:35,5224,0,,2023/02/18
カノープス,ナユタン星人,https://www.youtube.com/watch?v=2ir-Jno9FIs,8:25,676,0,,2023/02/25
雨とカプチーノ,ヨルシカ,https://www.youtube.com/watch?v=2ir-Jno9FIs,20:06,1476,0,,2023/02/25
なまえのないうた,DATEKEN,https://www.youtube.com/watch?v=2ir-Jno9FIs,43:09,2847,0,,2023/02/25
異星にいこうね,いよわ,https://www.youtube.com/watch?v=2ir-Jno9FIs,52:23,3308,0,,2023/02/25
ヒト(リ)ゴト,KEI,https://www.youtube.com/watch?v=2ir-Jno9FIs,1:06:53,4274,0,,2023/02/25
帝国少女,Omoi,https://www.youtube.com/watch?v=2ir-Jno9FIs,1:21:25,5137,0,,2023/02/25
だいしきゅーだいしゅき,femme fatale,https://www.youtube.com/watch?v=zlw07ay1TOE,21:10,1479,0,,2023/03/04
参月の雨,えこ。,https://www.youtube.com/watch?v=zlw07ay1TOE,49:59,3275,0,,2023/03/04
ロミオとシンデレラ,doriko,https://www.youtube.com/watch?v=zlw07ay1TOE,1:04:46,4161,0,,2023/03/04
39みゅーじっく！,みきとP,https://www.youtube.com/watch?v=w3_0vr4f8-0,3:50,492,0,,2023/03/11
Best Friend,Kiroro,https://www.youtube.com/watch?v=w3_0vr4f8-0,11:57,996,0,,2023/03/11
変わらないもの,奥華子,https://www.youtube.com/watch?v=w3_0vr4f8-0,21:43,1583,0,,2023/03/11
桜ノ雨,halyosy,https://www.youtube.com/watch?v=w3_0vr4f8-0,30:42,2233,0,,2023/03/11
手紙 ~拝啓 十五の君へ~,アンジェラ・アキ,https://www.youtube.com/watch?v=w3_0vr4f8-0,44:12,2957,0,,2023/03/11
SENTIMENTAL StepS,μ’s,https://www.youtube.com/watch?v=w3_0vr4f8-0,58:43,3758,0,,2023/03/11
愛してるばんざーい！,μ’s,https://www.youtube.com/watch?v=w3_0vr4f8-0,1:05:49,4243,0,,2023/03/11
For フルーツバスケット,岡崎律子,https://www.youtube.com/watch?v=GoppeuZwpi4,7:02,674,0,,2023/03/18
インザバックルーム,syudou,https://www.youtube.com/watch?v=GoppeuZwpi4,17:02,1210,0,,2023/03/18
ループ,坂本真綾,https://www.youtube.com/watch?v=GoppeuZwpi4,24:05,1766,0,,2023/03/18
感情ディシーブ,ろーある,https://www.youtube.com/watch?v=GoppeuZwpi4,33:00,2100,0,,2023/03/18
回る空うさぎ,Orangestar,https://www.youtube.com/watch?v=GoppeuZwpi4,38:17,2471,0,,2023/03/18
テレキャスタービーボーイ,すりぃ,https://www.youtube.com/watch?v=GoppeuZwpi4,48:10,3054,0,,2023/03/18
心拍数#0822,蝶々P,https://www.youtube.com/watch?v=GoppeuZwpi4,58:04,3791,0,,2023/03/18
あわよくば君の眷属になりたいな,Peg,https://www.youtube.com/watch?v=GoppeuZwpi4,1:10:11,4392,0,,2023/03/18
Just be Friends,Dixie Flatline,https://www.youtube.com/watch?v=GoppeuZwpi4,1:19:19,5057,0,,2023/03/18
自分REST@RT,765PRO ALLSTARS,https://www.youtube.com/watch?v=OH6tsAukoiE,8:20,843,0,,2023/03/25
神のまにまに,れるりり,https://www.youtube.com/watch?v=OH6tsAukoiE,19:03,1393,0,,2023/03/25
ODDS&ENDS,ryo,https://www.youtube.com/watch?v=OH6tsAukoiE,33:51,2360,0,,2023/03/25
いーあーるふぁんくらぶ,みきとP,https://www.youtube.com/watch?v=OH6tsAukoiE,44:11,2886,0,,2023/03/25
それがあなたの幸せとしても,Heavenz,https://www.youtube.com/watch?v=OH6tsAukoiE,58:50,3795,0,,2023/03/25
Let's go!スマイルプリキュア!,池田彩,https://www.youtube.com/watch?v=QKMSBDW2kGQ,3:04,396,0,,2023/03/30
イェイ!イェイ!イェイ!,吉田仁美,https://www.youtube.com/watch?v=QKMSBDW2kGQ,16:30,1216,0,,2023/03/30
Happy Go Lucky! ドキドキ!プリキュア,黒沢ともよ,https://www.youtube.com/watch?v=QKMSBDW2kGQ,38:11,2492,0,,2023/03/30
この空の向こう,吉田 仁美,https://www.youtube.com/watch?v=QKMSBDW2kGQ,54:30,3500,0,,2023/03/30
crack,keeno,https://www.youtube.com/watch?v=rbZa39-RF8U,7:52,738,0,,2023/04/08
ロウワー,ぬゆり,https://www.youtube.com/watch?v=rbZa39-RF8U,16:44,1231,0,,2023/04/08
雨とカプチーノ,ヨルシカ,https://www.youtube.com/watch?v=rbZa39-RF8U,26:25,1855,0,,2023/04/08
ねむるまち,くじら,https://www.youtube.com/watch?v=rbZa39-RF8U,36:05,2361,0,,2023/04/08
乾涸びたバスひとつ,米津玄師,https://www.youtube.com/watch?v=rbZa39-RF8U,46:46,3104,0,,2023/04/08
僕たちが恋をする理由,坂本真綾,https://www.youtube.com/watch?v=rbZa39-RF8U,1:01:04,3997,0,,2023/04/08
ばかじゃないのに,ずっと真夜中でいいのに。,https://www.youtube.com/watch?v=uXSnzUzeWQI,8:27,761,0,,2023/04/15
可愛くてごめん,HoneyWorks,https://www.youtube.com/watch?v=uXSnzUzeWQI,23:41,1638,0,,2023/04/15
だいしきゅーだいしゅき,femmefatale,https://www.youtube.com/watch?v=uXSnzUzeWQI,34:00,2250,0,,2023/04/15
おくすり飲んで寝よう,もちうつね,https://www.youtube.com/watch?v=Bu53qhYOKLU,6:19,568,0,,2023/04/22
逆光,坂本真綾,https://www.youtube.com/watch?v=Bu53qhYOKLU,12:48,1052,0,,2023/04/22
ご教示ください？,もちうつね,https://www.youtube.com/watch?v=Bu53qhYOKLU,23:40,1562,0,,2023/04/22
きゅうくらりん,いよわ,https://www.youtube.com/watch?v=Bu53qhYOKLU,34:40,2294,0,,2023/04/22
トンデモワンダーズ,sasakure.UK,https://www.youtube.com/watch?v=Bu53qhYOKLU,55:25,3518,0,,2023/04/22
パラレルラルラ,夏代孝明,https://www.youtube.com/watch?v=NhvjJgCFPGs,11:57,871,0,,2023/05/06
阿修羅ちゃん,Ado,https://www.youtube.com/watch?v=NhvjJgCFPGs,28:20,1890,0,,2023/05/06
地球最後の告白を,kemu,https://www.youtube.com/watch?v=NhvjJgCFPGs,35:17,2369,0,,2023/05/06
強風オールバック,Yukopi,https://www.youtube.com/watch?v=NhvjJgCFPGs,54:57,3420,0,,2023/05/06
少女レイ,みきとP,https://www.youtube.com/watch?v=NhvjJgCFPGs,1:00:22,3910,0,,2023/05/06
空耳ケーキ,Oranges＆Lemons,https://www.youtube.com/watch?v=JCwPdSxm9wg,7:07,656,0,,2023/05/13
ラヴィ,すりぃ,https://www.youtube.com/watch?v=JCwPdSxm9wg,28:04,1863,0,,2023/05/13
INTERNET YAMERO,Aiobahn,https://www.youtube.com/watch?v=JCwPdSxm9wg,38:32,2556,0,,2023/05/13
青空のラプソディ,fhāna,https://www.youtube.com/watch?v=JCwPdSxm9wg,48:35,3187,0,,2023/05/13
怪物,YOASOBI,https://www.youtube.com/watch?v=Hdn6RZn-EqM,7:28,655,0,,2023/05/20
アイドル,YOASOBI,https://www.youtube.com/watch?v=Hdn6RZn-EqM,19:14,1366,0,,2023/05/20
女々しくて,ゴールデンボンバー,https://www.youtube.com/watch?v=Hdn6RZn-EqM,34:52,2342,0,,2023/05/20
花の塔,さユり,https://www.youtube.com/watch?v=Hdn6RZn-EqM,50:27,3303,0,,2023/05/20
ハッピーシンセサイザ,EasyPop,https://www.youtube.com/watch?v=Hdn6RZn-EqM,1:01:51,3944,0,,2023/05/20
セツナトリップ,LastNote,https://www.youtube.com/watch?v=Hdn6RZn-EqM,1:11:30,4537,0,,2023/05/20
逆光,坂本真綾,https://www.youtube.com/watch?v=Hdn6RZn-EqM,1:19:10,5034,0,,2023/05/20
神のまにまに,れるりり,https://www.youtube.com/watch?v=lXoUSTPlhTQ,13:54,1087,0,,2023/06/03
パラレルラルラ,夏代孝明,https://www.youtube.com/watch?v=lXoUSTPlhTQ,22:24,1518,0,,2023/06/03
青空のラプソディ,fhāna,https://www.youtube.com/watch?v=lXoUSTPlhTQ,35:13,2385,0,,2023/06/03
39みゅーじっく！,みきとP,https://www.youtube.com/watch?v=lXoUSTPlhTQ,43:22,2863,0,,2023/06/03
約束をしよう,supercell,https://www.youtube.com/watch?v=lXoUSTPlhTQ,56:20,3576,0,,2023/06/03
だから僕は音楽を辞めた,ヨルシカ,https://www.youtube.com/watch?v=lXoUSTPlhTQ,1:07:31,4293,0,,2023/06/03
ビターチョコデコレーション,syudou,https://www.youtube.com/watch?v=lXoUSTPlhTQ,1:17:27,4843,0,,2023/06/03
サラマンダー,DECO*27,https://www.youtube.com/watch?v=r3vq05DkDIY,8:59,693,0,,2023/06/09
Little Traveler,ジミーサムＰ,https://www.youtube.com/watch?v=r3vq05DkDIY,19:46,1469,0,,2023/06/09
怪物さん,平井堅feat.あいみょん,https://www.youtube.com/watch?v=r3vq05DkDIY,29:04,1990,0,,2023/06/09
Fire◎Flower,halyosy,https://www.youtube.com/watch?v=r3vq05DkDIY,55:28,3587,0,,2023/06/09
エンドレス・サマー,夢見るP,https://www.youtube.com/watch?v=r3vq05DkDIY,1:13:01,4638,0,,2023/06/09
色彩,坂本真綾,https://www.youtube.com/watch?v=r3vq05DkDIY,1:24:00,5310,0,,2023/06/09
とても素敵な六月でした,Eight,https://www.youtube.com/watch?v=M43OS-k6BSY,12:58,1060,0,,2023/06/17
ミュージック・アワー,ポルノグラフィティ,https://www.youtube.com/watch?v=M43OS-k6BSY,25:26,1796,0,,2023/06/17
キライ・キライ・ジガヒダイ！,和田たけあき,https://www.youtube.com/watch?v=M43OS-k6BSY,34:38,2291,0,,2023/06/17
キュートなカノジョ,syudou,https://www.youtube.com/watch?v=M43OS-k6BSY,49:33,3104,0,,2023/06/17
神っぽいな,ピノキオピー,https://www.youtube.com/watch?v=M43OS-k6BSY,56:26,3588,0,,2023/06/17
青空のラプソディ,fhāna,https://www.youtube.com/watch?v=W-aVIwE685I,4:24,537,0,,2023/06/24
flos,R Sound Design,https://www.youtube.com/watch?v=W-aVIwE685I,13:26,1076,0,,2023/06/24
文学少年の憂鬱,ナノウ,https://www.youtube.com/watch?v=W-aVIwE685I,18:02,1447,0,,2023/06/24
ニア,夏代孝明,https://www.youtube.com/watch?v=W-aVIwE685I,30:39,2084,0,,2023/06/24
きゅうくらりん,いよわ,https://www.youtube.com/watch?v=W-aVIwE685I,34:46,2300,0,,2023/06/24
カムパネルラ,ささくれP,https://www.youtube.com/watch?v=W-aVIwE685I,46:36,3048,0,,2023/06/24
君の知らない物語,supercell,https://www.youtube.com/watch?v=MY2VhXayeBw,12:42,1098,0,,2023/07/08
惑星ループ,ナユタン星人,https://www.youtube.com/watch?v=MY2VhXayeBw,27:34,1844,0,,2023/07/08
星座になれたら,結束バンド,https://www.youtube.com/watch?v=MY2VhXayeBw,33:49,2283,0,,2023/07/08
オリオンをなぞる,UNISONSQAREGARDEN,https://www.youtube.com/watch?v=MY2VhXayeBw,56:45,3667,0,,2023/07/08
天体観測,BUMP OF CHICKEN,https://www.youtube.com/watch?v=MY2VhXayeBw,1:11:11,4530,0,,2023/07/08
君の脈で踊りたかった,ピコン,https://www.youtube.com/watch?v=SIjIxjaTx4A,11:20,920,0,,2023/07/15
未完成人間,YM,https://www.youtube.com/watch?v=SIjIxjaTx4A,35:15,2339,0,,2023/07/15
地球最後の告白を,kemu,https://www.youtube.com/watch?v=SIjIxjaTx4A,46:00,3023,0,,2023/07/15
夏色えがおで1，2，Jump!,μ's,https://www.youtube.com/watch?v=SIjIxjaTx4A,58:22,3769,0,,2023/07/15
夏祭り,White berry,https://www.youtube.com/watch?v=SIjIxjaTx4A,1:21:05,5088,0,,2023/07/15
ヘッドフォンアクター,じん,https://www.youtube.com/watch?v=3V3Crlunr1o,3:46,437,0,,2023/07/22
快晴,Orangestar,https://www.youtube.com/watch?v=3V3Crlunr1o,10:31,893,0,,2023/07/22
カノープス,ナユタン星人,https://www.youtube.com/watch?v=3V3Crlunr1o,19:46,1357,0,,2023/07/22
little traveler,ジミーサムP,https://www.youtube.com/watch?v=3V3Crlunr1o,23:33,1695,0,,2023/07/22
クーネル・エンゲイザー,電‡鯨,https://www.youtube.com/watch?v=3V3Crlunr1o,30:43,2070,0,,2023/07/22
＊ハロー、プラネット。,sasakure.UK,https://www.youtube.com/watch?v=3V3Crlunr1o,37:18,2537,0,,2023/07/22
少女レイ,みきとP,https://www.youtube.com/watch?v=HvXwG5WbLmk,23:03,1671,0,,2023/08/05
ご教示ください？,もちうつね,https://www.youtube.com/watch?v=HvXwG5WbLmk,35:55,2297,0,,2023/08/05
愛されなくても君がいる,ピノキオピー,https://www.youtube.com/watch?v=HvXwG5WbLmk,59:06,3800,0,,2023/08/05
チュルリラ・チュルリラ・ダッダッダ！,和田たけあき,https://www.youtube.com/watch?v=HvXwG5WbLmk,1:14:32,4665,0,,2023/08/05
ツギハギスタッカート,とあ,https://www.youtube.com/watch?v=HvXwG5WbLmk,1:22:37,5200,0,,2023/08/05
ニア,夏代孝明,https://www.youtube.com/watch?v=HvXwG5WbLmk,1:37:26,6090,0,,2023/08/05
君も悪い人でよかった,ピノキオピー,https://www.youtube.com/watch?v=N6Z0TLhbtGs,14:15,1239,0,,2023/08/12
全力☆Summer!,angela,https://www.youtube.com/watch?v=N6Z0TLhbtGs,24:46,1694,1,(配信グルってたみたいで前奏と途中切れてます…),2023/08/12
快晴,Orangestar,https://www.youtube.com/watch?v=N6Z0TLhbtGs,34:37,2337,0,,2023/08/12
てらてら,和田たけあき,https://www.youtube.com/watch?v=N6Z0TLhbtGs,46:41,2996,0,,2023/08/12
ももいろの鍵,いよわ,https://www.youtube.com/watch?v=N6Z0TLhbtGs,53:20,3401,0,,2023/08/12
君が飛び降りるのなら,Omoi,https://www.youtube.com/watch?v=N6Z0TLhbtGs,1:03:37,3983,0,,2023/08/12
色彩,坂本真綾,https://www.youtube.com/watch?v=N6Z0TLhbtGs,1:11:50,4579,0,,2023/08/12
霽れを待つ,Orangestar,https://www.youtube.com/watch?v=3nF5kjf-EE4,15:14,1159,0,,2023/08/19
フロムトーキョー,夏代孝明,https://www.youtube.com/watch?v=3nF5kjf-EE4,27:13,1799,0,,2023/08/19
アイドル,YOASOBI,https://www.youtube.com/watch?v=3nF5kjf-EE4,44:03,2855,0,,2023/08/19
フィクションブルー,ayase,https://www.youtube.com/watch?v=3nF5kjf-EE4,54:52,3501,0,,2023/08/19
カゲロウデイズ,じん,https://www.youtube.com/watch?v=3nF5kjf-EE4,1:09:51,4423,0,,2023/08/19
星座になれたら,結束バンド,https://www.youtube.com/watch?v=3nF5kjf-EE4,1:18:46,4980,0,,2023/08/19
八月、某、月明かり,ヨルシカ,https://www.youtube.com/watch?v=3nF5kjf-EE4,1:28:39,5595,0,,2023/08/19
エンドレス・サマー,夢見るP,https://www.youtube.com/watch?v=3nF5kjf-EE4,1:36:58,6053,0,,2023/08/19
パラレルラルラ,夏代孝明,https://www.youtube.com/watch?v=3nF5kjf-EE4,1:50:02,6756,0,,2023/08/19
あの夏が飽和する,カンザキイオリ,https://www.youtube.com/watch?v=15dOWMMwNqY,7:23,813,0,,2023/09/02
わたしのアール,和田たけあき,https://www.youtube.com/watch?v=15dOWMMwNqY,19:33,1386,0,,2023/09/02
ラストリゾート,ayase,https://www.youtube.com/watch?v=15dOWMMwNqY,26:50,1799,0,,2023/09/02
ジェヘナ,wotaku,https://www.youtube.com/watch?v=15dOWMMwNqY,33:08,2233,0,,2023/09/02
少女レイ,みきとP,https://www.youtube.com/watch?v=15dOWMMwNqY,40:17,2705,0,,2023/09/02
それがあなたの幸せとしても,Heavenz,https://www.youtube.com/watch?v=15dOWMMwNqY,52:34,3420,0,,2023/09/02
君が飛び降りるのなら,Omoi,https://www.youtube.com/watch?v=15dOWMMwNqY,1:05:00,4066,0,,2023/09/02
フロントメモリー,神聖かまってちゃん,https://www.youtube.com/watch?v=GM-OQx8ZE7w,19:23,1401,0,,2023/09/09
Overdose,なとり,https://www.youtube.com/watch?v=GM-OQx8ZE7w,29:41,1971,0,,2023/09/09
帝国少女,R Sound Design,https://www.youtube.com/watch?v=GM-OQx8ZE7w,43:33,2866,0,,2023/09/09
失楽ペトリ,ナナホシ管弦楽団,https://www.youtube.com/watch?v=GM-OQx8ZE7w,1:00:41,3827,0,,2023/09/09
深海シティアンダーグラウンド,田中B,https://www.youtube.com/watch?v=GM-OQx8ZE7w,1:32:00,5796,0,,2023/09/09
IMAWANOKIWA,いよわ,https://www.youtube.com/watch?v=0stzHX1nvvE,11:37,950,0,,2023/09/15
幽霊東京,ayase,https://www.youtube.com/watch?v=0stzHX1nvvE,28:02,1882,0,,2023/09/15
きゅうくらりん,いよわ,https://www.youtube.com/watch?v=0stzHX1nvvE,35:16,2328,0,,2023/09/15
glow,keeno,https://www.youtube.com/watch?v=0stzHX1nvvE,48:01,3162,0,,2023/09/15
フロムトーキョー,夏代孝明,https://www.youtube.com/watch?v=0stzHX1nvvE,57:31,3616,0,,2023/09/15
繰り返し一粒,猫虫,https://www.youtube.com/watch?v=0stzHX1nvvE,1:05:30,4179,0,,2023/09/15
ラグトレイン,稲葉曇,https://www.youtube.com/watch?v=0stzHX1nvvE,1:17:46,4917,0,,2023/09/15
心拍数#0822,蝶々P,https://www.youtube.com/watch?v=0stzHX1nvvE,1:30:58,5764,0,,2023/09/15
怪物,YOASOBI,https://www.youtube.com/watch?v=0stzHX1nvvE,1:50:34,6842,0,,2023/09/15
ばかじゃないのに,ずっと真夜中でいいのに。,https://www.youtube.com/watch?v=0stzHX1nvvE,1:57:45,7319,0,,2023/09/15
天樂-双響-,ゆうゆ,https://www.youtube.com/watch?v=8_9PQhcSt_Q,7:21,721,0,,2023/09/23
幽霊東京,ayase,https://www.youtube.com/watch?v=8_9PQhcSt_Q,21:46,1507,0,,2023/09/23
孤独の果て,光収容,https://www.youtube.com/watch?v=8_9PQhcSt_Q,26:19,1841,0,,2023/09/23
ねぇ、どろどろさん,YASUHIRO,https://www.youtube.com/watch?v=8_9PQhcSt_Q,38:36,2567,0,,2023/09/23
ディカディズム,ぬゆり,https://www.youtube.com/watch?v=8_9PQhcSt_Q,48:24,3131,0,,2023/09/23
ロケットサイダー,ナユタン星人,https://www.youtube.com/watch?v=8_9PQhcSt_Q,1:02:00,3908,0,,2023/09/23
快晴,Orangestar,https://www.youtube.com/watch?v=8_9PQhcSt_Q,1:09:16,4418,0,,2023/09/23
回る空うさぎ,Orangestar,https://www.youtube.com/watch?v=_5PISzeRD2Q,7:29,623,0,,2023/09/30
ムーンライト伝説,DALI,https://www.youtube.com/watch?v=_5PISzeRD2Q,18:06,1257,0,,2023/09/30
ラヴィット,ピノキオピー,https://www.youtube.com/watch?v=_5PISzeRD2Q,29:13,1970,0,,2023/09/30
月のワルツ,諌山実生,https://www.youtube.com/watch?v=_5PISzeRD2Q,44:12,2930,0,,2023/09/30
1/6-out of the gravity-,ぼーかりおどP,https://www.youtube.com/watch?v=_5PISzeRD2Q,55:12,3576,0,,2023/09/30
あなたクランケン,tamon,https://www.youtube.com/watch?v=dyEPsADq44g,13:07,997,0,,2023/10/08
ロウワー,ぬゆり,https://www.youtube.com/watch?v=dyEPsADq44g,21:33,1520,0,,2023/10/08
小学館,相対性理論,https://www.youtube.com/watch?v=dyEPsADq44g,1:06:11,4164,0,,2023/10/08
ヴィーナスとジーザス,やくしまるえつこ,https://www.youtube.com/watch?v=dyEPsADq44g,1:12:57,4564,0,,2023/10/08
星界ちゃんと可不ちゃんのおつかい合騒曲,南ノ南,https://www.youtube.com/watch?v=dyEPsADq44g,1:25:26,5330,0,,2023/10/08
カトラリー,有機酸,https://www.youtube.com/watch?v=dyEPsADq44g,1:34:39,5915,0,,2023/10/08
夜明けと蛍,N-buna,https://www.youtube.com/watch?v=dyEPsADq44g,1:45:13,6622,0,,2023/10/08
おくすり飲んで寝よう,もちうつね,https://www.youtube.com/watch?v=IU2E4Pr48n4,7:50,661,0,,2023/10/14
人マニア,原口沙輔,https://www.youtube.com/watch?v=IU2E4Pr48n4,16:51,1137,0,,2023/10/14
レゾンデートル頂戴,YM,https://www.youtube.com/watch?v=IU2E4Pr48n4,25:18,1735,0,,2023/10/14
ジェヘナ,wotaku,https://www.youtube.com/watch?v=IU2E4Pr48n4,32:18,2184,0,,2023/10/14
サボテンと蜃気楼,KNOTS,https://www.youtube.com/watch?v=IU2E4Pr48n4,40:50,2752,0,,2023/10/14
花ざかりWeekend✿,4Luxury,https://www.youtube.com/watch?v=IU2E4Pr48n4,54:00,3488,0,,2023/10/14
チェチェ・チェック・ワンツー！,和田たけあき,https://www.youtube.com/watch?v=IU2E4Pr48n4,1:11:59,4519,0,,2023/10/14
Happy Halloween,Junky,https://www.youtube.com/watch?v=IU2E4Pr48n4,1:22:57,5221,0,,2023/10/14
いーあーるふぁんくらぶ,みきとP,https://www.youtube.com/watch?v=IU2E4Pr48n4,1:57:37,7290,0,,2023/10/14
群青,YOASOBI,https://www.youtube.com/watch?v=xzqS-VflqLY,5:26,571,0,,2023/10/20
のろいのめか゛ね ～ stray girl in her lenses,ぶっちぎりP,https://www.youtube.com/watch?v=xzqS-VflqLY,15:58,1192,0,,2023/10/20
自分REST@RT,765PRO ALLSTARS,https://www.youtube.com/watch?v=xzqS-VflqLY,25:05,1847,0,,2023/10/20
君も悪い人で良かった,ピノキオピー,https://www.youtube.com/watch?v=xzqS-VflqLY,42:01,2905,0,,2023/10/20
てらてら,和田たけあき,https://www.youtube.com/watch?v=xzqS-VflqLY,56:23,3556,1,57:53あたりでグルってます😢,2023/10/20
チャイナアドバイス,相対性理論,https://www.youtube.com/watch?v=xzqS-VflqLY,1:06:40,4181,0,,2023/10/20
ニア,夏代孝明,https://www.youtube.com/watch?v=xzqS-VflqLY,1:45:21,6565,0,,2023/10/20
フォニィ,ツミキ,https://www.youtube.com/watch?v=xzqS-VflqLY,1:52:03,6911,0,,2023/10/20
君の知らない物語,supercell,https://www.youtube.com/watch?v=xzqS-VflqLY,1:58:49,7467,0,,2023/10/20
soundless voice,ひとしずく×やま△,https://www.youtube.com/watch?v=AvMWzO6uMt4,13:50,1140,0,,2023/10/27
ラグトレイン,稲葉曇,https://www.youtube.com/watch?v=AvMWzO6uMt4,35:39,2390,0,,2023/10/27
ボルテッカー,DECO*27,https://www.youtube.com/watch?v=AvMWzO6uMt4,42:38,2708,0,,2023/10/27
ビターチョコデコレーション,syudou,https://www.youtube.com/watch?v=AvMWzO6uMt4,59:47,3782,0,,2023/10/27
好き！雪！本気マジック,Mitchie M,https://www.youtube.com/watch?v=AvMWzO6uMt4,1:17:10,4828,0,,2023/10/27
なれのはて,梨本うい,https://www.youtube.com/watch?v=AvMWzO6uMt4,1:27:43,5575,0,,2023/10/27
阿修羅ちゃん,Ado,https://www.youtube.com/watch?v=AvMWzO6uMt4,1:37:47,6059,0,,2023/10/27
Alchemy,Girls Dead Monster,https://www.youtube.com/watch?v=AvMWzO6uMt4,1:53:44,7077,0,,2023/10/27
Shangri-la,angela,https://www.youtube.com/watch?v=AvMWzO6uMt4,2:09:11,8028,0,,2023/10/27
海色,AKINO with bless4,https://www.youtube.com/watch?v=AvMWzO6uMt4,2:25:01,8955,0,,2023/10/27
バグ,かいりきベア,https://www.youtube.com/watch?v=4GUroDP4uCI,20:00,1370,0,,2023/11/03
初めての恋が終わる時,supercell,https://www.youtube.com/watch?v=4GUroDP4uCI,46:10,3082,0,,2023/11/03
パズル,クワガタP,https://www.youtube.com/watch?v=4GUroDP4uCI,58:54,3787,0,,2023/11/03
from Y to Y,ジミーサムＰ,https://www.youtube.com/watch?v=4GUroDP4uCI,1:05:03,4232,0,,2023/11/03
ねむるまち,くじら,https://www.youtube.com/watch?v=4GUroDP4uCI,1:12:53,4568,0,,2023/11/03
君の脈で踊りたかった,ピコン,https://www.youtube.com/watch?v=4GUroDP4uCI,1:19:15,4996,0,,2023/11/03
siGrE,すずきP,https://www.youtube.com/watch?v=4GUroDP4uCI,1:27:51,5510,0,,2023/11/03
リグレットメッセージ,Mothy,https://www.youtube.com/watch?v=4GUroDP4uCI,1:40:40,6243,0,,2023/11/03
回る空うさぎ,Orangestar,https://www.youtube.com/watch?v=4GUroDP4uCI,1:47:32,6625,0,,2023/11/03
夜明けと蛍,N-buna,https://www.youtube.com/watch?v=4GUroDP4uCI,1:53:00,7087,0,,2023/11/03
夏と罰(上),傘村トータ,https://www.youtube.com/watch?v=gvkgok9N6Ss,2:33,376,0,,2023/11/10
君の神様になりたい。,カンザキイオリ,https://www.youtube.com/watch?v=gvkgok9N6Ss,14:37,1120,0,,2023/11/10
乙女解剖,DECO*27,https://www.youtube.com/watch?v=gvkgok9N6Ss,29:32,1993,0,,2023/11/10
帝国少女,R SoundDesign,https://www.youtube.com/watch?v=gvkgok9N6Ss,36:08,2422,0,,2023/11/10
どうしてちゃんのテーマ,ピノキオピー,https://www.youtube.com/watch?v=gvkgok9N6Ss,1:06:38,4179,0,,2023/11/10
少女レイ,みきとP,https://www.youtube.com/watch?v=gvkgok9N6Ss,1:36:55,6104,0,,2023/11/10
異星に行こうね,いよわ,https://www.youtube.com/watch?v=gvkgok9N6Ss,1:53:41,6987,0,,2023/11/10
マーシャルマキシマイザー,柊マグネタイト,https://www.youtube.com/watch?v=gvkgok9N6Ss,2:05:24,7686,0,,2023/11/10
水死体にもどらないで,いよわ,https://www.youtube.com/watch?v=5n5361Wh1ro,14:11,1076,0,,2023/11/17
雨とカプチーノ,ヨルシカ,https://www.youtube.com/watch?v=5n5361Wh1ro,28:37,1987,0,,2023/11/17
色彩,坂本真綾,https://www.youtube.com/watch?v=5n5361Wh1ro,45:47,3016,0,,2023/11/17
逆光,坂本真綾,https://www.youtube.com/watch?v=5n5361Wh1ro,52:02,3407,0,,2023/11/17
トリノコシティ,40㍍P,https://www.youtube.com/watch?v=5n5361Wh1ro,1:14:08,4649,0,,2023/11/17
ドミノ倒シ,すこっぷ,https://www.youtube.com/watch?v=5n5361Wh1ro,1:21:35,5086,0,,2023/11/17
骸骨楽団とリリア,トーマ,https://www.youtube.com/watch?v=5n5361Wh1ro,1:35:53,5951,0,,2023/11/17
clock lock works,ハチ,https://www.youtube.com/watch?v=5n5361Wh1ro,1:44:51,6551,0,,2023/11/17
落日,東京事変,https://www.youtube.com/watch?v=5n5361Wh1ro,2:22:21,8801,0,,2023/11/17
水死体にもどらないで,いよわ,https://www.youtube.com/watch?v=-tI31AL6eYU,10:59,884,0,,2023/12/02
クーネル・エンゲイザー,電ǂ鯨,https://www.youtube.com/watch?v=-tI31AL6eYU,18:54,1361,0,,2023/12/02
メルティランドナイトメア,はるまきごはん,https://www.youtube.com/watch?v=-tI31AL6eYU,31:24,2147,0,,2023/12/02
ロウワー,ぬゆり,https://www.youtube.com/watch?v=-tI31AL6eYU,41:41,2727,0,,2023/12/02
ホワイトハッピー,MARETU,https://www.youtube.com/watch?v=-tI31AL6eYU,50:28,3253,0,,2023/12/02
ハロ/ハワユ,ナノウ,https://www.youtube.com/watch?v=-tI31AL6eYU,1:06:29,4267,0,,2023/12/02
ヒト（リ）ゴト,KEI,https://www.youtube.com/watch?v=-tI31AL6eYU,1:19:43,5043,0,,2023/12/02
お願い！シンデレラ(GAME ver),CINDERELLA PROJECT,https://www.youtube.com/watch?v=T6PCNXVZcoI,12:30,871,0,,2023/12/08
僕らのLIVE 君とのLIFE,μ’s,https://www.youtube.com/watch?v=T6PCNXVZcoI,18:40,1437,0,,2023/12/08
M@GIC☆,CINDERELLA PROJECT,https://www.youtube.com/watch?v=T6PCNXVZcoI,26:27,1863,0,,2023/12/08
Snow halation,μ’s,https://www.youtube.com/watch?v=T6PCNXVZcoI,34:05,2297,0,,2023/12/08
Tulip(GAME ver),LiPPS,https://www.youtube.com/watch?v=T6PCNXVZcoI,41:07,2593,0,,2023/12/08
Wonderful Rush,μ’s,https://www.youtube.com/watch?v=T6PCNXVZcoI,46:39,3061,0,,2023/12/08
咲いてjewel,鷺沢文香、速水奏、橘ありす、塩見周子、二宮飛鳥,https://www.youtube.com/watch?v=T6PCNXVZcoI,55:23,3567,0,,2023/12/08
Music S.T.A.R.T!!,μ’s,https://www.youtube.com/watch?v=T6PCNXVZcoI,1:04:58,4191,0,,2023/12/08
生存本能ヴァルキュリア,新田美波、鷺沢文香、橘ありす、高森藍子、相葉夕美,https://www.youtube.com/watch?v=T6PCNXVZcoI,1:14:06,4699,0,,2023/12/08
STARTDASH!!,μ’s,https://www.youtube.com/watch?v=T6PCNXVZcoI,1:23:03,5236,0,,2023/12/08
さよならアンドロメダ,渋谷凛、森久保乃々、大和亜季,https://www.youtube.com/watch?v=T6PCNXVZcoI,1:31:09,5844,0,,2023/12/08
瑠璃色金魚と花菖蒲,白石紬,https://www.youtube.com/watch?v=T6PCNXVZcoI,1:41:28,6344,0,,2023/12/08
君のこころは輝いてるかい,Aqours,https://www.youtube.com/watch?v=T6PCNXVZcoI,1:50:58,6940,0,,2023/12/08
ガールズ・イン・ザ・フロンティア,渋谷凛、早坂美玲、木村夏樹、小日向美穂、塩見周子,https://www.youtube.com/watch?v=T6PCNXVZcoI,1:59:37,7427,0,,2023/12/08
文学少年の憂鬱,ナノウ,https://www.youtube.com/watch?v=DUpSJCrqFRY,13:36,1181,0,,2023/12/15
flos,R Sound Design,https://www.youtube.com/watch?v=DUpSJCrqFRY,23:49,1699,0,,2023/12/15
フラジール,ぬゆり,https://www.youtube.com/watch?v=DUpSJCrqFRY,34:49,2357,0,,2023/12/15
ワンダーランドと羊の歌,ハチ,https://www.youtube.com/watch?v=DUpSJCrqFRY,41:18,2761,0,,2023/12/15
Let's go!スマイルプリキュア!,吉田彩,https://www.youtube.com/watch?v=DUpSJCrqFRY,48:38,3130,0,,2023/12/15
自分REST@RT,765PRO ALLSTARS,https://www.youtube.com/watch?v=DUpSJCrqFRY,1:01:22,4025,0,,2023/12/15
人マニア,原口沙輔,https://www.youtube.com/watch?v=DUpSJCrqFRY,1:18:08,4813,0,,2023/12/15
わたしのアール,和田たけあき,https://www.youtube.com/watch?v=DUpSJCrqFRY,1:29:08,5559,0,,2023/12/15
取り柄のないクズだって生きてていいだろが,ヘルニア,https://www.youtube.com/watch?v=DUpSJCrqFRY,1:35:46,5944,0,,2023/12/15
夕日坂,Doriko,https://www.youtube.com/watch?v=DUpSJCrqFRY,1:50:46,7017,0,,2023/12/15
サリシノハラ,みきと,https://www.youtube.com/watch?v=DUpSJCrqFRY,1:58:58,7405,0,,2023/12/15
シザーハンズ,Nem,https://www.youtube.com/watch?v=O_zWt6ASSDw,24:43,1752,0,,2023/12/22
好き！雪！本気マジック,Mitchie M,https://www.youtube.com/watch?v=O_zWt6ASSDw,32:03,2121,0,,2023/12/22
初めての恋が終わる時,supercell,https://www.youtube.com/watch?v=O_zWt6ASSDw,39:29,2677,0,,2023/12/22
冬がくれた予感,BiBi,https://www.youtube.com/watch?v=O_zWt6ASSDw,47:56,3203,0,,2023/12/22
暇は人を殺せるか,デッドボールP,https://www.youtube.com/watch?v=O_zWt6ASSDw,58:42,3756,0,,2023/12/22
ユメノトビラ,μ's,https://www.youtube.com/watch?v=O_zWt6ASSDw,1:24:23,5351,0,,2023/12/22
瑠璃色金魚と花菖蒲,白石紬,https://www.youtube.com/watch?v=O_zWt6ASSDw,1:31:42,5756,0,,2023/12/22
カノープス,ナユタン星人,https://www.youtube.com/watch?v=O_zWt6ASSDw,1:42:23,6315,0,,2023/12/22
スイートフロートアパート,家の裏でマンボウが死んでるP,https://www.youtube.com/watch?v=O_zWt6ASSDw,1:54:54,7202,0,,2023/12/22
旧約汎化街,柊マグネタイト,https://www.youtube.com/watch?v=O_zWt6ASSDw,2:05:33,7879,0,,2023/12/22
Dear,19's Sound Factory,https://www.youtube.com/watch?v=e-LnIZAjqds,15:21,1187,0,,2023/12/29
celluloid,baker,https://www.youtube.com/watch?v=e-LnIZAjqds,22:49,1601,0,,2023/12/29
カトラリー,有機酸,https://www.youtube.com/watch?v=e-LnIZAjqds,30:39,2075,0,,2023/12/29
chocolate insomnia,羽川翼(CV.堀江由衣),https://www.youtube.com/watch?v=e-LnIZAjqds,38:37,2590,0,,2023/12/29
キライ・キライ・ジガヒダイ！,和田たけあき,https://www.youtube.com/watch?v=e-LnIZAjqds,46:24,2997,0,,2023/12/29
ハッピーシンセサイザ,EasyPop,https://www.youtube.com/watch?v=e-LnIZAjqds,56:35,3627,0,,2023/12/29
ぽっぴっぽー,ラマーズP,https://www.youtube.com/watch?v=e-LnIZAjqds,1:08:11,4270,0,,2023/12/29
天才ロック,カラスヤサボウ,https://www.youtube.com/watch?v=e-LnIZAjqds,1:20:36,5035,0,,2023/12/29
ルカルカ★ナイトフィーバー,samfree,https://www.youtube.com/watch?v=e-LnIZAjqds,1:34:40,5920,0,,2023/12/29
Lost my music,平野綾,https://www.youtube.com/watch?v=e-LnIZAjqds,2:12:06,8180,0,,2023/12/29
ふわふわ時間,桜高軽音部,https://www.youtube.com/watch?v=e-LnIZAjqds,2:22:45,8799,0,,2023/12/29
The Everlasting Guilty Crown,EGOIST,https://www.youtube.com/watch?v=e-LnIZAjqds,3:13:45,11947,0,,2023/12/29
私はずっと笑顔だったし朝の占いだって悪くないきっと今日も大丈夫良い一日になりますように。,アメリカ民謡同好会,https://www.youtube.com/watch?v=e-LnIZAjqds,3:36:17,13255,0,,2023/12/29
星界ちゃんと可不ちゃんのおつかい合騒曲,南ノ南,https://www.youtube.com/watch?v=e-LnIZAjqds,3:47:59,13882,0,,2023/12/29
アイドル,YOASOBI,https://www.youtube.com/watch?v=e-LnIZAjqds,3:58:14,14506,0,,2023/12/29
ブタサンダー,Yukopi,https://www.youtube.com/watch?v=e-LnIZAjqds,4:09:19,15093,0,,2023/12/29
てらてら,和田たけあき,https://www.youtube.com/watch?v=e-LnIZAjqds,4:21:54,15909,0,,2023/12/29
ダーリン,MARETU,https://www.youtube.com/watch?v=e-LnIZAjqds,4:37:35,16875,0,,2023/12/29
帝国少女,R Sound Design,https://www.youtube.com/watch?v=e-LnIZAjqds,4:49:20,17614,0,,2023/12/29
幽霊東京,Ayase,https://www.youtube.com/watch?v=e-LnIZAjqds,4:58:09,18089,0,,2023/12/29
flos,R Sound Design,https://www.youtube.com/watch?v=qmuUydI4i5c,24:35,1745,0,,2024/01/05
星座になれたら,結束バンド,https://www.youtube.com/watch?v=qmuUydI4i5c,52:46,3419,0,,2024/01/05
さよならアンドロメダ,渋谷凛、森久保乃々、大和亜季,https://www.youtube.com/watch?v=qmuUydI4i5c,1:09:18,4534,0,,2024/01/05
君が飛び降りるのなら,Omoi,https://www.youtube.com/watch?v=qmuUydI4i5c,1:20:26,4992,0,,2024/01/05
Departures 〜あなたにおくるアイの歌〜,EGOIST,https://www.youtube.com/watch?v=qmuUydI4i5c,1:29:28,5618,0,,2024/01/05
神のまにまに,れるりり,https://www.youtube.com/watch?v=qmuUydI4i5c,1:50:05,6857,0,,2024/01/05
私はずっと笑顔だったし朝の占いだって悪くないきっと今日も大丈夫良い一日になりますように。,アメリカ民謡同好会,https://www.youtube.com/watch?v=qmuUydI4i5c,2:04:14,7735,0,,2024/01/05
寝起きヤシの木,Yukopi,https://www.youtube.com/watch?v=qmuUydI4i5c,2:19:58,8511,0,,2024/01/05
ばかじゃないのに,ずっと真夜中でいいのに。,https://www.youtube.com/watch?v=AlDxQMRKUEU,17:57,1330,0,,2024/01/13
ラビットフォーゲッツ,KNOTS,https://www.youtube.com/watch?v=AlDxQMRKUEU,27:10,1914,0,,2024/01/13
青のすみか,キタニタツヤ,https://www.youtube.com/watch?v=AlDxQMRKUEU,37:02,2415,0,,2024/01/13
Subtitle,Official髭男dism,https://www.youtube.com/watch?v=AlDxQMRKUEU,48:52,3239,0,,2024/01/13
もう恋なんてしない,槇原敬之,https://www.youtube.com/watch?v=AlDxQMRKUEU,1:05:09,4178,0,,2024/01/13
不可思議のカルテ,桜島麻衣、古賀朋絵、双葉理央、豊浜のどか、梓川かえで、牧之原翔子,https://www.youtube.com/watch?v=AlDxQMRKUEU,1:32:55,5811,0,,2024/01/13
ねむるまち,くじら,https://www.youtube.com/watch?v=AlDxQMRKUEU,1:42:40,6356,0,,2024/01/13
神のまにまに,れるりり,https://www.youtube.com/watch?v=AlDxQMRKUEU,1:54:35,7127,0,,2024/01/13
ダーリン,須田景凪,https://www.youtube.com/watch?v=ukvZ28CesXk,12:53,916,0,,2024/01/19
夜に駆ける,YOASOBI,https://www.youtube.com/watch?v=ukvZ28CesXk,22:55,1640,0,,2024/01/19
サインはB,B小町,https://www.youtube.com/watch?v=ukvZ28CesXk,37:50,2478,0,,2024/01/19
からくりピエロ,40㍍P,https://www.youtube.com/watch?v=ukvZ28CesXk,1:14:53,4750,0,,2024/01/19
おジャ魔女カーニバル！！,MAHO堂,https://www.youtube.com/watch?v=ukvZ28CesXk,1:30:57,5682,0,,2024/01/19
東京テディベア,Neru,https://www.youtube.com/watch?v=ukvZ28CesXk,1:42:05,6314,0,,2024/01/19
モノクロのキス,シド,https://www.youtube.com/watch?v=ukvZ28CesXk,1:59:45,7420,0,,2024/01/19
星間飛行,中島愛,https://www.youtube.com/watch?v=ukvZ28CesXk,2:13:25,8233,0,,2024/01/19
crow song,Girls Dead Monster,https://www.youtube.com/watch?v=dTTJpC4tdL8,17:20,1284,0,,2024/02/10
不可思議のカルテ,桜島麻衣 、 古賀朋絵 、 双葉理央 、 豊浜のどか 、 梓川かえで 、 牧之原翔子,https://www.youtube.com/watch?v=dTTJpC4tdL8,43:20,2834,0,,2024/02/10
嵐の中で輝いて,米倉千尋,https://www.youtube.com/watch?v=dTTJpC4tdL8,1:04:35,4130,0,,2024/02/10
青のすみか,キタニタツヤ,https://www.youtube.com/watch?v=dTTJpC4tdL8,1:24:06,5239,0,,2024/02/10
ロウワー,ぬゆり,https://www.youtube.com/watch?v=dTTJpC4tdL8,1:51:24,6911,0,,2024/02/10
ゴーストルール,DECO*27,https://www.youtube.com/watch?v=I1w-p-RlgtA,4:30,477,0,,2024/03/04
快晴,Orangestar,https://www.youtube.com/watch?v=I1w-p-RlgtA,14:10,1111,0,,2024/03/04
ローリンガール,wowaka,https://www.youtube.com/watch?v=I1w-p-RlgtA,24:25,1655,0,,2024/03/04
ロキ,みきと,https://www.youtube.com/watch?v=I1w-p-RlgtA,31:35,2123,0,,2024/03/04
天ノ弱,164,https://www.youtube.com/watch?v=I1w-p-RlgtA,42:20,2724,0,,2024/03/04
妄想感傷代償連盟,DECO*27,https://www.youtube.com/watch?v=I1w-p-RlgtA,49:18,3219,0,,2024/03/04
独りんぼエンヴィー,koyori,https://www.youtube.com/watch?v=I1w-p-RlgtA,58:57,3739,0,,2024/03/04
ロミオとシンデレラ,doriko,https://www.youtube.com/watch?v=I1w-p-RlgtA,1:09:10,4427,0,,2024/03/04
幽霊東京,Ayase,https://www.youtube.com/watch?v=kRZfWjDsCpc,16:42,1203,0,,2024/03/08
39みゅーじっく！,みきと,https://www.youtube.com/watch?v=kRZfWjDsCpc,23:27,1666,0,,2024/03/08
フォニィ,ツミキ,https://www.youtube.com/watch?v=kRZfWjDsCpc,32:12,2120,0,,2024/03/08
メランコリック,Junky,https://www.youtube.com/watch?v=kRZfWjDsCpc,44:00,2857,0,,2024/03/08
どうぶつ占い,すこっぷ,https://www.youtube.com/watch?v=kRZfWjDsCpc,50:54,3345,0,,2024/03/08
愛されなくても君がいる,ピノキオピー,https://www.youtube.com/watch?v=kRZfWjDsCpc,1:05:50,4216,0,,2024/03/08
自分REST@RT,765PRO ALLSTARS,https://www.youtube.com/watch?v=kRZfWjDsCpc,1:15:35,4881,0,,2024/03/08
ダーリン,須田景凪,https://www.youtube.com/watch?v=kRZfWjDsCpc,1:32:34,5700,0,,2024/03/08
フォニイ(２回目),,https://www.youtube.com/watch?v=kRZfWjDsCpc,1:37:40,6047,0,,2024/03/08
雨とカプチーノ,ヨルシカ,https://www.youtube.com/watch?v=kRZfWjDsCpc,1:50:04,6873,0,,2024/03/08
ハッピーシンセサイザ,EasyPop,https://www.youtube.com/watch?v=kRZfWjDsCpc,2:00:52,7483,0,,2024/03/08
色彩,坂本真綾,https://www.youtube.com/watch?v=kRZfWjDsCpc,2:17:43,8531,0,,2024/03/08
ノーザンクロス,May'n,https://www.youtube.com/watch?v=kRZfWjDsCpc,2:35:05,9617,0,,2024/03/08
祝福,YOASOBI,https://www.youtube.com/watch?v=rW3NK1U4EZc,4:05,437,0,,2024/03/13
群青,YOASOBI,https://www.youtube.com/watch?v=rW3NK1U4EZc,9:35,820,0,,2024/03/13
Snow halation,μ’s,https://www.youtube.com/watch?v=rW3NK1U4EZc,20:44,1497,0,,2024/03/13
SENTIMENTAL StepS,μ’s,https://www.youtube.com/watch?v=rW3NK1U4EZc,31:23,2116,0,,2024/03/13
chocolate insomnia,羽川翼(CV.堀江由衣),https://www.youtube.com/watch?v=rW3NK1U4EZc,43:02,2854,0,,2024/03/13
青空のラプソディ,fhāna,https://www.youtube.com/watch?v=rW3NK1U4EZc,52:13,3406,0,,2024/03/13
青のすみか,キタニタツヤ,https://www.youtube.com/watch?v=rW3NK1U4EZc,1:04:08,4041,0,,2024/03/13
孤独の宗教,syudou,https://www.youtube.com/watch?v=yyKgN90r8AU,10:42,831,0,,2024/03/15
ワールドイズマイン,ryo,https://www.youtube.com/watch?v=yyKgN90r8AU,20:44,1497,0,,2024/03/15
1925,富田悠斗,https://www.youtube.com/watch?v=yyKgN90r8AU,29:58,1992,0,,2024/03/15
ORCA,小林オニキス,https://www.youtube.com/watch?v=yyKgN90r8AU,47:47,3144,0,,2024/03/15
ボルテッカー,DECO*27,https://www.youtube.com/watch?v=yyKgN90r8AU,59:35,3726,0,,2024/03/15
群青,YOASOBI,https://www.youtube.com/watch?v=yyKgN90r8AU,1:10:10,4454,0,,2024/03/15
抜錨,ナナホシ管弦楽団,https://www.youtube.com/watch?v=yyKgN90r8AU,1:22:17,5137,0,,2024/03/15
シュガーソングとビターステップ,UNISON SQUARE GARDEN,https://www.youtube.com/watch?v=yyKgN90r8AU,1:35:30,5981,0,,2024/03/15
おちゃめ機能,ゴジマジＰ,https://www.youtube.com/watch?v=yyKgN90r8AU,1:45:31,6422,0,,2024/03/15
粛聖!! ロリ神レクイエム☆,しぐれうい,https://www.youtube.com/watch?v=yyKgN90r8AU,1:55:47,7216,0,,2024/03/15
少女レイ,みきと,https://www.youtube.com/watch?v=7d6ysunSb6k,9:27,855,0,,2024/03/22
だから僕は音楽を辞めた,ヨルシカ,https://www.youtube.com/watch?v=7d6ysunSb6k,19:01,1384,0,,2024/03/22
ハロ/ハワユ,ナノウ,https://www.youtube.com/watch?v=7d6ysunSb6k,26:46,1884,0,,2024/03/22
言って。,ヨルシカ,https://www.youtube.com/watch?v=7d6ysunSb6k,34:51,2291,0,,2024/03/22
僕らの記憶を掠わないで,rinri,https://www.youtube.com/watch?v=7d6ysunSb6k,42:55,2825,0,,2024/03/22
星が瞬くこんな夜に,supercell,https://www.youtube.com/watch?v=7d6ysunSb6k,52:52,3433,0,,2024/03/22
いかないで,想太,https://www.youtube.com/watch?v=7d6ysunSb6k,1:01:03,3895,0,,2024/03/22
夜明けと蛍,N-buna,https://www.youtube.com/watch?v=7d6ysunSb6k,1:08:54,4441,0,,2024/03/22
変わらないもの,奥華子,https://www.youtube.com/watch?v=7d6ysunSb6k,1:19:47,5062,0,,2024/03/22
雨とカプチーノ,ヨルシカ,https://www.youtube.com/watch?v=7d6ysunSb6k,1:33:42,5889,0,,2024/03/22
あの夏が飽和する,カンザキイオリ,https://www.youtube.com/watch?v=7d6ysunSb6k,1:41:40,6368,0,,2024/03/22
初めての恋が終わる時,supercell,https://www.youtube.com/watch?v=7d6ysunSb6k,1:51:37,7003,0,,2024/03/22
約束をしよう,supercell,https://www.youtube.com/watch?v=7d6ysunSb6k,2:02:47,7563,0,,2024/03/22
君の知らない物語,supercell,https://www.youtube.com/watch?v=EZT3GC6xX9c,3:35,553,0,,2024/03/27
ブルーバード,いきものがかり,https://www.youtube.com/watch?v=EZT3GC6xX9c,12:23,953,0,,2024/03/27
青春ライン,いきものがかり,https://www.youtube.com/watch?v=EZT3GC6xX9c,20:59,1494,0,,2024/03/27
PAPERMOON,Tommy heavenly6,https://www.youtube.com/watch?v=EZT3GC6xX9c,30:41,2103,0,,2024/03/27
happily ever after,中川翔子,https://www.youtube.com/watch?v=EZT3GC6xX9c,51:16,3280,0,,2024/03/27
創聖のアクエリオン,AKINO,https://www.youtube.com/watch?v=EZT3GC6xX9c,59:24,3849,0,,2024/03/27
Golden Life,AKINO with bless4,https://www.youtube.com/watch?v=EZT3GC6xX9c,1:08:19,4188,0,,2024/03/27
空色デイズ,中川翔子,https://www.youtube.com/watch?v=EZT3GC6xX9c,1:13:00,4632,0,,2024/03/27
花の塔,さユり,https://www.youtube.com/watch?v=EZT3GC6xX9c,1:19:50,5066,0,,2024/03/27
星座になれたら,結束バンド,https://www.youtube.com/watch?v=EZT3GC6xX9c,1:27:47,5521,0,,2024/03/27
色彩,坂本真綾,https://www.youtube.com/watch?v=EZT3GC6xX9c,1:36:02,6030,0,,2024/03/27
ETERNAL WIND ～ほほえみは光る風の中～,森口博子,https://www.youtube.com/watch?v=EZT3GC6xX9c,1:44:31,6551,0,,2024/03/27
花ざかりWeekend✿,4Luxury,https://www.youtube.com/watch?v=rcNJq2MRT-c,22:43,1612,0,,2024/04/05
ODDS&ENDS,ryo,https://www.youtube.com/watch?v=rcNJq2MRT-c,39:40,2649,0,,2024/04/05
桜ノ雨,halyosy,https://www.youtube.com/watch?v=rcNJq2MRT-c,58:56,3926,0,,2024/04/05
ダーリン,須田景凪,https://www.youtube.com/watch?v=rcNJq2MRT-c,1:09:22,4307,0,,2024/04/05
祝福,YOASOBI,https://www.youtube.com/watch?v=rcNJq2MRT-c,1:14:58,4690,0,,2024/04/05
霽れを待つ,Orangestar,https://www.youtube.com/watch?v=rcNJq2MRT-c,1:21:20,5128,0,,2024/04/05
ロウワー,ぬゆり,https://www.youtube.com/watch?v=rcNJq2MRT-c,1:28:02,5508,0,,2024/04/05
フロムトーキョー,夏代孝明,https://www.youtube.com/watch?v=rcNJq2MRT-c,1:34:28,5834,0,,2024/04/05
地球最後の告白を,kemu,https://www.youtube.com/watch?v=rcNJq2MRT-c,1:40:41,6305,0,,2024/04/05
サインはB,B小町,https://www.youtube.com/watch?v=rcNJq2MRT-c,1:48:40,6742,0,,2024/04/05
快晴,Orangestar,https://www.youtube.com/watch?v=rcNJq2MRT-c,2:02:28,7609,0,,2024/04/05
おジャ魔女カーニバル,MAHO堂,https://www.youtube.com/watch?v=rcNJq2MRT-c,2:23:21,8826,0,,2024/04/05
アイデンティティ,Kanaria,https://www.youtube.com/watch?v=rcNJq2MRT-c,2:37:30,9603,0,,2024/04/05
メルト,supercell,https://www.youtube.com/watch?v=DYSJTazkcPM,11:42,959,0,,2024/04/10
そばかす,JUDY AND MARY,https://www.youtube.com/watch?v=DYSJTazkcPM,22:40,1608,0,,2024/04/10
ハッピーシンセサイザ,EasyPop,https://www.youtube.com/watch?v=DYSJTazkcPM,33:10,2221,0,,2024/04/10
KICK BACK,米津玄師,https://www.youtube.com/watch?v=DYSJTazkcPM,41:12,2665,0,,2024/04/10
わたしのアール,和田たけあき,https://www.youtube.com/watch?v=DYSJTazkcPM,55:35,3547,0,,2024/04/10
youthful beautiful,内田真礼,https://www.youtube.com/watch?v=DYSJTazkcPM,1:06:29,4263,0,,2024/04/10
ヴィーナスとジーザス,やくしまるえつこ,https://www.youtube.com/watch?v=DYSJTazkcPM,1:15:48,4734,0,,2024/04/10
オートファジー,柊キライ,https://www.youtube.com/watch?v=DYSJTazkcPM,1:24:23,5279,0,,2024/04/10
パンダヒーロー,ハチ,https://www.youtube.com/watch?v=DYSJTazkcPM,1:30:06,5627,0,,2024/04/10
千本桜,黒うさ,https://www.youtube.com/watch?v=DYSJTazkcPM,1:38:17,6138,0,,2024/04/10
ジェヘナ,wotaku,https://www.youtube.com/watch?v=DYSJTazkcPM,1:47:58,6723,0,,2024/04/10
Dear,19's Sound Factory,https://www.youtube.com/watch?v=LEc-WYSuyDk,13:30,1076,0,,2024/04/12
天樂,ゆうゆ,https://www.youtube.com/watch?v=LEc-WYSuyDk,24:35,1756,0,,2024/04/12
感情ディシーブ,ろーある,https://www.youtube.com/watch?v=LEc-WYSuyDk,34:14,2173,0,,2024/04/12
ラヴィット,ピノキオピー,https://www.youtube.com/watch?v=LEc-WYSuyDk,40:54,2670,0,,2024/04/12
No logic,ジミーサムP,https://www.youtube.com/watch?v=LEc-WYSuyDk,55:04,3560,0,,2024/04/12
乾涸びたバスひとつ,米津玄師,https://www.youtube.com/watch?v=LEc-WYSuyDk,1:05:40,4237,0,,2024/04/12
ガールズインザフロンティア,渋谷凛、早坂美玲、木村夏樹、小日向美穂、塩見周子,https://www.youtube.com/watch?v=LEc-WYSuyDk,1:17:10,4882,0,,2024/04/12
アンインストール,石川智晶,https://www.youtube.com/watch?v=LEc-WYSuyDk,1:28:31,5569,0,,2024/04/12
花の塔,さユり,https://www.youtube.com/watch?v=LEc-WYSuyDk,1:39:13,6227,0,,2024/04/12
メルト,supercell,https://www.youtube.com/watch?v=LEc-WYSuyDk,1:48:18,6755,0,,2024/04/12
ひねくれ者,supercell,https://www.youtube.com/watch?v=LEc-WYSuyDk,1:55:44,7190,0,,2024/04/12
少女レイ,みきと,https://www.youtube.com/watch?v=Ha1Sazj_LVs,11:55,998,0,,2024/04/17
さようなら、花泥棒さん,メル,https://www.youtube.com/watch?v=Ha1Sazj_LVs,20:28,1496,0,,2024/04/17
君のせい,the peggies,https://www.youtube.com/watch?v=Ha1Sazj_LVs,26:45,1700,0,,2024/04/17
花の塔,さユり,https://www.youtube.com/watch?v=Ha1Sazj_LVs,35:48,2424,0,,2024/04/17
青空のラプソディ,fhāna,https://www.youtube.com/watch?v=Ha1Sazj_LVs,42:34,2825,0,,2024/04/17
快晴,Orangestar,https://www.youtube.com/watch?v=Ha1Sazj_LVs,49:17,3216,0,,2024/04/17
星座になれたら,結束バンド,https://www.youtube.com/watch?v=Ha1Sazj_LVs,56:41,3657,0,,2024/04/17
霽れを待つ,Orangestar,https://www.youtube.com/watch?v=Ha1Sazj_LVs,1:02:47,4015,0,,2024/04/17
乙女解剖,DECO*27,https://www.youtube.com/watch?v=Ha1Sazj_LVs,1:14:51,4712,0,,2024/04/17
未完成人間,YM,https://www.youtube.com/watch?v=Ha1Sazj_LVs,1:20:14,5026,0,,2024/04/17
抜錨,ナナホシ管弦楽団,https://www.youtube.com/watch?v=Ha1Sazj_LVs,1:26:45,5405,0,,2024/04/17
フィクサー,ぬゆり,https://www.youtube.com/watch?v=Ha1Sazj_LVs,1:33:06,5827,0,,2024/04/17
咲いてjewel,鷺沢文香、速水奏、橘ありす、塩見周子、二宮飛鳥,https://www.youtube.com/watch?v=Ha1Sazj_LVs,1:40:24,6267,0,,2024/04/17
セツナトリップ,LastNote.,https://www.youtube.com/watch?v=Ha1Sazj_LVs,1:48:31,6757,0,,2024/04/17
君が君が,baker,https://www.youtube.com/watch?v=Fj_JS2AX8s0,10:55,883,0,,2024/04/19
サリシノハラ,みきと,https://www.youtube.com/watch?v=Fj_JS2AX8s0,24:38,1745,0,,2024/04/19
フロムトーキョー,夏代孝明,https://www.youtube.com/watch?v=Fj_JS2AX8s0,35:55,2322,0,,2024/04/19
ロケットサイダー,ナユタン星人,https://www.youtube.com/watch?v=Fj_JS2AX8s0,44:43,2870,0,,2024/04/19
気まぐれメルシィ,八王子P,https://www.youtube.com/watch?v=Fj_JS2AX8s0,52:12,3333,0,,2024/04/19
弱虫モンブラン,DECO*27,https://www.youtube.com/watch?v=Fj_JS2AX8s0,1:01:46,3943,0,,2024/04/19
桜前線異常ナシ,ワタルP,https://www.youtube.com/watch?v=Fj_JS2AX8s0,1:14:43,4679,0,,2024/04/19
メルト,supercell,https://www.youtube.com/watch?v=Fj_JS2AX8s0,1:23:48,5286,0,,2024/04/19
快晴,Orangestar,https://www.youtube.com/watch?v=Fj_JS2AX8s0,1:30:29,5690,0,,2024/04/19
もってけ！セーラーふく,らき☆すた,https://www.youtube.com/watch?v=Fj_JS2AX8s0,1:41:58,6376,0,,2024/04/19
トンデモワンダーズ,sasakure.UK,https://www.youtube.com/watch?v=Fj_JS2AX8s0,2:05:47,7738,0,,2024/04/19
Booo!,TOKOTOKO,https://www.youtube.com/watch?v=UJG2TibV0tM,4:51,461,0,,2024/04/24
Iなんです,れるりり,https://www.youtube.com/watch?v=UJG2TibV0tM,13:39,962,0,,2024/04/24
気まぐれメルシィ,八王子P,https://www.youtube.com/watch?v=UJG2TibV0tM,19:59,1401,0,,2024/04/24
マーシャルマキシマイザー,柊マグネタイト,https://www.youtube.com/watch?v=UJG2TibV0tM,25:50,1711,0,,2024/04/24
ご教示ください,もちうつね,https://www.youtube.com/watch?v=UJG2TibV0tM,31:26,2029,0,,2024/04/24
文学少年の憂鬱,ナノウ,https://www.youtube.com/watch?v=UJG2TibV0tM,38:27,2672,0,,2024/04/24
エイリアンエイリアン,ナユタン星人,https://www.youtube.com/watch?v=UJG2TibV0tM,48:38,3097,0,,2024/04/24
異星にいこうね,いよわ,https://www.youtube.com/watch?v=UJG2TibV0tM,57:00,3585,0,,2024/04/24
寝起きヤシの木,Yukopi,https://www.youtube.com/watch?v=UJG2TibV0tM,1:04:04,3958,0,,2024/04/24
惑星ループ,ナユタン星人,https://www.youtube.com/watch?v=UJG2TibV0tM,1:08:22,4293,0,,2024/04/24
瑠璃色金魚と花菖蒲,白石紬,https://www.youtube.com/watch?v=UJG2TibV0tM,1:14:32,4727,0,,2024/04/24
あなたクランケン,tamon,https://www.youtube.com/watch?v=UJG2TibV0tM,1:23:18,5207,0,,2024/04/24
虚言癖,アキバヲタP,https://www.youtube.com/watch?v=UJG2TibV0tM,1:28:40,5561,0,,2024/04/24
SNOBBISM,Neru,https://www.youtube.com/watch?v=LBemchtcahU,6:44,610,0,,2024/05/01
惨事のハニー,梨本うい,https://www.youtube.com/watch?v=LBemchtcahU,17:32,1368,0,,2024/05/01
ニア,夏代孝明,https://www.youtube.com/watch?v=LBemchtcahU,25:40,1783,0,,2024/05/01
インザバックルーム,syudou,https://www.youtube.com/watch?v=LBemchtcahU,33:10,2193,0,,2024/05/01
君が飛び降りるのなら,Omoi,https://www.youtube.com/watch?v=LBemchtcahU,41:13,2640,0,,2024/05/01
晴天を穿つ,傘村トータ,https://www.youtube.com/watch?v=LBemchtcahU,50:29,3217,0,,2024/05/01
言って。,ヨルシカ,https://www.youtube.com/watch?v=LBemchtcahU,1:12:30,4589,0,,2024/05/01
トリノコシティ,40㍍P,https://www.youtube.com/watch?v=LBemchtcahU,1:35:28,5930,0,,2024/05/01
テオ,Omoi,https://www.youtube.com/watch?v=LBemchtcahU,1:49:00,6746,0,,2024/05/01
crack,Keeno,https://www.youtube.com/watch?v=wviwbfu6Kd8,9:24,830,0,,2024/05/04
ツギハギスタッカート,とあ,https://www.youtube.com/watch?v=wviwbfu6Kd8,29:34,2016,0,,2024/05/04
ロウワー,ぬゆり,https://www.youtube.com/watch?v=wviwbfu6Kd8,43:07,2813,0,,2024/05/04
celluloid,baker,https://www.youtube.com/watch?v=wviwbfu6Kd8,50:43,3276,0,,2024/05/04
君の脈で踊りたかった,ピコン,https://www.youtube.com/watch?v=wviwbfu6Kd8,1:11:13,4513,0,,2024/05/04
夕日坂,Doriko,https://www.youtube.com/watch?v=wviwbfu6Kd8,1:19:14,5125,0,,2024/05/04
なれのはて,梨本うい,https://www.youtube.com/watch?v=wviwbfu6Kd8,1:29:36,5687,0,,2024/05/04
ねむるまち,くじら,https://www.youtube.com/watch?v=wviwbfu6Kd8,1:39:44,6180,0,,2024/05/04
ダダダダ天使,ナナヲアカリ,https://www.youtube.com/watch?v=8MZcWWtPDDQ,12:17,953,0,,2024/05/11
幽霊東京,Ayase,https://www.youtube.com/watch?v=8MZcWWtPDDQ,24:53,1692,0,,2024/05/11
夜明けと蛍,N-buna,https://www.youtube.com/watch?v=8MZcWWtPDDQ,31:14,2180,0,,2024/05/11
ラグトレイン,稲葉曇,https://www.youtube.com/watch?v=8MZcWWtPDDQ,49:10,3199,0,,2024/05/11
さようなら、花泥棒さん,メル,https://www.youtube.com/watch?v=8MZcWWtPDDQ,56:30,3656,0,,2024/05/11
夜明けと蛍,N-buna,https://www.youtube.com/watch?v=vKlBy-Gc3Js,16:59,1326,0,,2024/05/25
負け犬にアンコールはいらない,ヨルシカ,https://www.youtube.com/watch?v=vKlBy-Gc3Js,32:19,2171,0,,2024/05/25
空耳ケーキ,Oranges&Lemons,https://www.youtube.com/watch?v=vKlBy-Gc3Js,48:06,3116,0,,2024/05/25
ハッピー☆マテリアル,麻帆良学園中等部2-A (魔法先生ネギま！),https://www.youtube.com/watch?v=vKlBy-Gc3Js,57:52,3693,0,,2024/05/25
ホロン,wotaku,https://www.youtube.com/watch?v=vKlBy-Gc3Js,1:23:55,5272,0,,2024/05/25
1000年生きてる,いよわ,https://www.youtube.com/watch?v=vKlBy-Gc3Js,1:33:02,5770,0,,2024/05/25
Wonder zone,μ's,https://www.youtube.com/watch?v=vKlBy-Gc3Js,1:41:04,6300,0,,2024/05/25
Overdose,なとり,https://www.youtube.com/watch?v=vKlBy-Gc3Js,1:53:48,7019,0,,2024/05/25
テレキャスタービーボーイ,すりぃ,https://www.youtube.com/watch?v=SRo_BD-9lrk,20:27,1391,0,,2024/05/29
異星にいこうね,いよわ,https://www.youtube.com/watch?v=SRo_BD-9lrk,29:38,1943,0,,2024/05/29
For フルーツバスケット,岡崎律子,https://www.youtube.com/watch?v=SRo_BD-9lrk,35:13,2364,0,,2024/05/29
強風オールバック,Yukopi,https://www.youtube.com/watch?v=SRo_BD-9lrk,44:15,2788,0,,2024/05/29
Iなんです,れるりり,https://www.youtube.com/watch?v=SRo_BD-9lrk,55:26,3469,0,,2024/05/29
オーバーライド,吉田夜世,https://www.youtube.com/watch?v=SRo_BD-9lrk,1:07:44,4201,0,,2024/05/29
キュートなカノジョ,syudou,https://www.youtube.com/watch?v=SRo_BD-9lrk,1:14:47,4617,0,,2024/05/29
Booo!,TOKOTOKO,https://www.youtube.com/watch?v=SRo_BD-9lrk,1:21:02,5032,0,,2024/05/29
天樂,ゆうゆ,https://www.youtube.com/watch?v=SRo_BD-9lrk,1:30:57,5737,0,,2024/05/29
ばかじゃないのに,ずっと真夜中でいいのに。,https://www.youtube.com/watch?v=SRo_BD-9lrk,1:38:28,6162,0,,2024/05/29
ヴァンパイア,DECO*27,https://www.youtube.com/watch?v=SRo_BD-9lrk,1:52:46,6945,0,,2024/05/29
深海少女,ゆうゆ,https://www.youtube.com/watch?v=nP2Z5LUvoBw,13:25,1021,0,,2024/05/31
東京テディベア,Neru,https://www.youtube.com/watch?v=nP2Z5LUvoBw,21:09,1458,0,,2024/05/31
失敗作少女,かいりきベア,https://www.youtube.com/watch?v=nP2Z5LUvoBw,46:36,2987,0,,2024/05/31
プロトディスコ,ぬゆり,https://www.youtube.com/watch?v=nP2Z5LUvoBw,1:02:59,4043,0,,2024/05/31
混沌ブギ,Jon-YAKITORY,https://www.youtube.com/watch?v=nP2Z5LUvoBw,1:23:33,5166,0,,2024/05/31
ブラック★ロックシューター,ryo,https://www.youtube.com/watch?v=nP2Z5LUvoBw,1:31:38,5783,0,,2024/05/31
青のすみか,キタニタツヤ,https://www.youtube.com/watch?v=nP2Z5LUvoBw,1:43:38,6411,0,,2024/05/31
とても素敵な六月でした,Eight,https://www.youtube.com/watch?v=nP2Z5LUvoBw,1:58:55,7415,0,,2024/05/31
気まぐれメルシィ,八王子P,https://www.youtube.com/watch?v=HnB3t5cgNVM,8:27,708,0,,2024/06/05
ラヴィ,すりぃ,https://www.youtube.com/watch?v=HnB3t5cgNVM,19:33,1352,0,,2024/06/05
サインはB,B小町,https://www.youtube.com/watch?v=HnB3t5cgNVM,28:42,1932,0,,2024/06/05
だいしきゅーだいしゅき,femme fatale,https://www.youtube.com/watch?v=HnB3t5cgNVM,37:05,2433,0,,2024/06/05
サラマンダー,DECO*27,https://www.youtube.com/watch?v=HnB3t5cgNVM,43:56,2791,0,,2024/06/05
エンドレス・サマー,夢見るP,https://www.youtube.com/watch?v=HnB3t5cgNVM,52:49,3426,0,,2024/06/05
きゅうくらりん,いよわ,https://www.youtube.com/watch?v=HnB3t5cgNVM,59:38,3790,0,,2024/06/05
フラジール,ぬゆり,https://www.youtube.com/watch?v=HnB3t5cgNVM,1:06:09,4236,0,,2024/06/05
フロムトーキョー,夏代孝明,https://www.youtube.com/watch?v=HnB3t5cgNVM,1:16:21,4747,0,,2024/06/05
サウンド,baker,https://www.youtube.com/watch?v=HnB3t5cgNVM,1:22:10,5118,0,,2024/06/05
クラウン,KulfiQ,https://www.youtube.com/watch?v=HnB3t5cgNVM,1:28:28,5555,0,,2024/06/05
パラジクロロベンゼン,オワタP,https://www.youtube.com/watch?v=D6L_9mvqAOQ,16:29,1217,0,,2024/06/14
リモコン,じーざす,https://www.youtube.com/watch?v=D6L_9mvqAOQ,25:20,1829,0,,2024/06/14
夜明けと蛍,N-buna,https://www.youtube.com/watch?v=D6L_9mvqAOQ,33:51,2338,0,,2024/06/14
ガチャガチャきゅ～と・ふぃぎゅ@メイト,MOSAIC.WAV,https://www.youtube.com/watch?v=D6L_9mvqAOQ,43:23,2832,0,,2024/06/14
magnet,Minato,https://www.youtube.com/watch?v=D6L_9mvqAOQ,1:14:02,4679,0,,2024/06/14
右肩の蝶,のりP,https://www.youtube.com/watch?v=D6L_9mvqAOQ,1:25:04,5367,0,,2024/06/14
ハオ,DECO*27,https://www.youtube.com/watch?v=D6L_9mvqAOQ,1:31:21,5660,0,,2024/06/14
ボルテッカー,DECO*27,https://www.youtube.com/watch?v=D6L_9mvqAOQ,1:37:36,6008,0,,2024/06/14
鳥の詩,Lia,https://www.youtube.com/watch?v=D6L_9mvqAOQ,1:57:50,7428,0,,2024/06/14
Alicemagic,Rita,https://www.youtube.com/watch?v=D6L_9mvqAOQ,2:09:27,8034,0,,2024/06/14
小さな手のひら,Lia,https://www.youtube.com/watch?v=D6L_9mvqAOQ,2:20:03,8681,0,,2024/06/14
Little Busters！,Rita,https://www.youtube.com/watch?v=D6L_9mvqAOQ,2:28:58,9210,0,,2024/06/14
Philosophyz,水谷瑠奈,https://www.youtube.com/watch?v=D6L_9mvqAOQ,2:40:03,9891,0,,2024/06/14
サインはB,B小町,https://www.youtube.com/watch?v=5kcbVvuhmiU,2:03,344,0,,2024/06/25
夜明けと蛍,N-buna,https://www.youtube.com/watch?v=5kcbVvuhmiU,12:28,1055,0,,2024/06/25
sincerely,TRUE,https://www.youtube.com/watch?v=5kcbVvuhmiU,17:40,1332,0,,2024/06/25
サマータイムレコード,じん,https://www.youtube.com/watch?v=5kcbVvuhmiU,26:55,1887,0,,2024/06/25
ストロボメモリー,内田真礼,https://www.youtube.com/watch?v=5kcbVvuhmiU,31:48,2188,0,,2024/06/25
ODDS＆ENDS,ryo,https://www.youtube.com/watch?v=5kcbVvuhmiU,45:45,3075,0,,2024/06/25
フロムトーキョー,夏代孝明,https://www.youtube.com/watch?v=0cbZa-TO3cY,21:38,1466,0,,2024/07/10
⅙,,https://www.youtube.com/watch?v=0cbZa-TO3cY,37:56,2539,0,,2024/07/10
Dear,19's Sound Factory,https://www.youtube.com/watch?v=0cbZa-TO3cY,44:22,2925,0,,2024/07/10
Fire◎Flower,halyosy,https://www.youtube.com/watch?v=0cbZa-TO3cY,51:57,3376,0,,2024/07/10
少女レイ,みきと,https://www.youtube.com/watch?v=0cbZa-TO3cY,58:05,3768,0,,2024/07/10
全力☆Summer!,angela,https://www.youtube.com/watch?v=0cbZa-TO3cY,1:05:58,4187,0,,2024/07/10
君のこころは輝いてるかい,Aqours,https://www.youtube.com/watch?v=0cbZa-TO3cY,1:33:18,5877,0,,2024/07/10
天ノ弱,164,https://www.youtube.com/watch?v=0cbZa-TO3cY,1:41:54,6297,0,,2024/07/10
初めての恋が終わる時,supercell,https://www.youtube.com/watch?v=0cbZa-TO3cY,1:47:43,6772,0,,2024/07/10
いーあーるふぁんくらぶ,みきとP,https://www.youtube.com/watch?v=0cbZa-TO3cY,1:57:48,7301,0,,2024/07/10
夜明けと蛍,N-buna,https://www.youtube.com/watch?v=Cc4Kn3jGSqo,7:12,739,0,,2024/07/12
透明人間,東京事変,https://www.youtube.com/watch?v=Cc4Kn3jGSqo,16:36,1246,0,,2024/07/12
アイロニ,すこっぷ,https://www.youtube.com/watch?v=Cc4Kn3jGSqo,29:54,2041,0,,2024/07/12
メルト,supercell,https://www.youtube.com/watch?v=Cc4Kn3jGSqo,52:04,3383,0,,2024/07/12
カゲロウデイズ,じん,https://www.youtube.com/watch?v=Cc4Kn3jGSqo,59:07,3778,0,,2024/07/12
プラネテス,seiza,https://www.youtube.com/watch?v=Cc4Kn3jGSqo,1:06:47,4160,0,,2024/07/12
彗星になれたなら,はるまきごはん,https://www.youtube.com/watch?v=Cc4Kn3jGSqo,1:29:02,5568,0,,2024/07/12
タイムマシン,1640mP,https://www.youtube.com/watch?v=Cc4Kn3jGSqo,1:54:31,7117,0,,2024/07/12
星を編む,seiza,https://www.youtube.com/watch?v=Cc4Kn3jGSqo,2:17:42,8491,0,,2024/07/12
ぽっぴっぽー,ラマーズP,https://www.youtube.com/watch?v=xAbtRVqA6tg,17:17,1214,0,,2024/07/17
わたしライス定食たべにきた,まこ猫,https://www.youtube.com/watch?v=xAbtRVqA6tg,24:54,1573,0,,2024/07/17
パンこげこげになっちゃった,Picdo,https://www.youtube.com/watch?v=xAbtRVqA6tg,35:11,2155,0,,2024/07/17
星界ちゃんと可不ちゃんのおつかい合騒曲,南ノ南,https://www.youtube.com/watch?v=xAbtRVqA6tg,38:47,2530,0,,2024/07/17
さようなら、花泥棒さん,メル,https://www.youtube.com/watch?v=xAbtRVqA6tg,46:48,3075,0,,2024/07/17
花の塔,さユり,https://www.youtube.com/watch?v=xAbtRVqA6tg,54:22,3538,0,,2024/07/17
オーバーライド,吉田夜世,https://www.youtube.com/watch?v=xAbtRVqA6tg,1:06:53,4151,0,,2024/07/17
ハオ,DECO*27,https://www.youtube.com/watch?v=xAbtRVqA6tg,1:18:55,4915,0,,2024/07/17
ハロ/ハワユ,ナノウ,https://www.youtube.com/watch?v=xAbtRVqA6tg,1:28:35,5594,0,,2024/07/17
からくりピエロ,40㍍P,https://www.youtube.com/watch?v=xAbtRVqA6tg,1:37:35,6112,0,,2024/07/17
気まぐれメルシィ,八王子P,https://www.youtube.com/watch?v=xAbtRVqA6tg,1:43:49,6429,0,,2024/07/17
Dear,19's Sound Factory,https://www.youtube.com/watch?v=xAbtRVqA6tg,1:54:55,7163,0,,2024/07/17
ワンダーランドと羊の歌,ハチ,https://www.youtube.com/watch?v=eNlcbddR84E,15:46,1227,0,,2024/07/19
sincerely,TRUE,https://www.youtube.com/watch?v=eNlcbddR84E,25:53,1823,0,,2024/07/19
ビバハピ,Mitchie M,https://www.youtube.com/watch?v=eNlcbddR84E,33:55,2241,0,,2024/07/19
ウォーアイニー,高橋瞳×BEAT CRUSADERS,https://www.youtube.com/watch?v=eNlcbddR84E,57:09,3667,0,,2024/07/19
鳥の詩,Lia,https://www.youtube.com/watch?v=eNlcbddR84E,1:24:42,5442,0,,2024/07/19
恋愛サーキュレーション,花澤香菜,https://www.youtube.com/watch?v=eNlcbddR84E,1:53:44,7075,0,,2024/07/19
帰り道,加藤英美里,https://www.youtube.com/watch?v=eNlcbddR84E,2:00:49,7491,0,,2024/07/19
曇天,私立恵比寿中学,https://www.youtube.com/watch?v=eNlcbddR84E,2:08:59,7948,0,,2024/07/19
曇天,DOES,https://www.youtube.com/watch?v=eNlcbddR84E,2:17:20,8425,0,,2024/07/19
輝いた,シギ,https://www.youtube.com/watch?v=eNlcbddR84E,2:27:05,9070,0,,2024/07/19
ツバサ,アンダーグラフ,https://www.youtube.com/watch?v=eNlcbddR84E,2:40:32,9897,0,,2024/07/19
乙女解剖,DECO*27,https://www.youtube.com/watch?v=N8Z5AjANPMg,17:30,1271,0,,2024/07/24
けーたいみしてよ,MAISONdes feat.はしメロ,https://www.youtube.com/watch?v=N8Z5AjANPMg,29:04,1877,0,,2024/07/24
おじゃま虫,DECO*27,https://www.youtube.com/watch?v=N8Z5AjANPMg,45:45,2961,0,,2024/07/24
ボルテッカー,DECO*27,https://www.youtube.com/watch?v=N8Z5AjANPMg,52:56,3327,0,,2024/07/24
粛聖!! ロリ神レクイエム☆,しぐれうい,https://www.youtube.com/watch?v=N8Z5AjANPMg,1:00:37,3906,0,,2024/07/24
ビバハピ,Mitchie M,https://www.youtube.com/watch?v=N8Z5AjANPMg,1:35:13,5921,0,,2024/07/24
＃あくあ色ぱれっと,湊あくあ,https://www.youtube.com/watch?v=N8Z5AjANPMg,1:57:52,7342,0,,2024/07/24
ラビットホール,DECO*27,https://www.youtube.com/watch?v=N8Z5AjANPMg,2:09:08,7906,0,,2024/07/24
Summer lights,市瀬るぽ,https://www.youtube.com/watch?v=N8Z5AjANPMg,2:15:50,8412,0,,2024/07/24
天樂-双響-,ゆうゆ,https://www.youtube.com/watch?v=N8Z5AjANPMg,2:31:50,9374,0,,2024/07/24
メルト,supercell,https://www.youtube.com/watch?v=N8Z5AjANPMg,2:40:10,9868,0,,2024/07/24
ハオ,DECO*27,https://www.youtube.com/watch?v=N8Z5AjANPMg,2:53:40,10599,0,,2024/07/24
快晴,Orangestar,https://www.youtube.com/watch?v=N8Z5AjANPMg,3:05:15,11375,0,,2024/07/24
ブタサンダー,Yukopi,https://www.youtube.com/watch?v=N8Z5AjANPMg,3:16:13,11908,0,,2024/07/24
サマータイムレコード,じん,https://www.youtube.com/watch?v=N8Z5AjANPMg,3:27:18,12708,0,,2024/07/24
ブループラネット,DECO*27,https://www.youtube.com/watch?v=b3yc4wNdDgc,15:18,1124,0,,2024/07/26
ラビットホール,DECO*27,https://www.youtube.com/watch?v=b3yc4wNdDgc,33:01,2140,0,,2024/07/26
愛されなくても君がいる,ピノキオピー,https://www.youtube.com/watch?v=b3yc4wNdDgc,40:31,2697,0,,2024/07/26
砂の惑星,ハチ,https://www.youtube.com/watch?v=b3yc4wNdDgc,56:05,3601,0,,2024/07/26
グリーンライツ・セレナーデ,Omoi,https://www.youtube.com/watch?v=b3yc4wNdDgc,1:04:25,4107,0,,2024/07/26
君が飛び降りるのなら,Omoi,https://www.youtube.com/watch?v=b3yc4wNdDgc,1:11:56,4482,0,,2024/07/26
沙上の夢喰い少女,ハチ,https://www.youtube.com/watch?v=b3yc4wNdDgc,1:37:26,6084,0,,2024/07/26
彗星になれたなら,はるまきごはん,https://www.youtube.com/watch?v=b3yc4wNdDgc,1:46:59,6647,0,,2024/07/26
星座になれたら,結束バンド,https://www.youtube.com/watch?v=b3yc4wNdDgc,1:54:07,7101,0,,2024/07/26
celluloid,baker,https://www.youtube.com/watch?v=b3yc4wNdDgc,2:01:29,7524,0,,2024/07/26
ねむるまち,くじら,https://www.youtube.com/watch?v=b3yc4wNdDgc,2:07:56,7871,0,,2024/07/26
幽霊東京,Ayase,https://www.youtube.com/watch?v=b3yc4wNdDgc,2:13:57,8237,0,,2024/07/26
小さな恋のうた,MONGOL800,https://www.youtube.com/watch?v=b3yc4wNdDgc,2:24:50,8914,0,,2024/07/26
プラネテス,seiza,https://www.youtube.com/watch?v=b3yc4wNdDgc,2:42:56,9928,0,,2024/07/26
不老不死,Losstime Life,https://www.youtube.com/watch?v=b3yc4wNdDgc,3:02:30,11211,0,,2024/07/26
カムパネルラ,ささくれP,https://www.youtube.com/watch?v=b3yc4wNdDgc,3:10:51,11699,0,,2024/07/26
夏祭り,White berry,https://www.youtube.com/watch?v=IDlVI8wtuFU,14:10,1072,0,,2024/07/31
ボルテッカー,DECO*27,https://www.youtube.com/watch?v=IDlVI8wtuFU,28:02,1833,0,,2024/07/31
新時代,Ado,https://www.youtube.com/watch?v=IDlVI8wtuFU,47:35,3079,0,,2024/07/31
一度だけの恋なら,ワルキューレ,https://www.youtube.com/watch?v=IDlVI8wtuFU,1:05:12,4160,0,,2024/07/31
シュガーソングとビターステップ,UNISON SQUARE GARDEN,https://www.youtube.com/watch?v=IDlVI8wtuFU,1:24:26,5318,0,,2024/07/31
ダブルラリアット,アゴアニキ,https://www.youtube.com/watch?v=IDlVI8wtuFU,1:32:33,5756,0,,2024/07/31
白い雪のプリンセスは,のぼる↑,https://www.youtube.com/watch?v=IDlVI8wtuFU,1:50:02,6871,0,,2024/07/31
深海少女-deep sea girl-,ゆうゆ,https://www.youtube.com/watch?v=IDlVI8wtuFU,1:58:59,7354,0,,2024/07/31
ブラック★ロックシューター,ryo,https://www.youtube.com/watch?v=IDlVI8wtuFU,2:06:36,7881,0,,2024/07/31
1925,富田悠斗,https://www.youtube.com/watch?v=IDlVI8wtuFU,2:13:54,8227,0,,2024/07/31
カゲロウデイズ,じん,https://www.youtube.com/watch?v=IDlVI8wtuFU,2:24:35,8906,0,,2024/07/31
十面相,YM,https://www.youtube.com/watch?v=IDlVI8wtuFU,2:30:21,9239,0,,2024/07/31
裏表ラバーズ,wowaka,https://www.youtube.com/watch?v=IDlVI8wtuFU,2:42:13,9916,0,,2024/07/31
モザイクロール,DECO*27,https://www.youtube.com/watch?v=IDlVI8wtuFU,2:55:09,10690,0,,2024/07/31
トライアングラー,坂本真綾,https://www.youtube.com/watch?v=IDlVI8wtuFU,3:08:54,11609,0,,2024/07/31
ブループラネット,DECO*27,https://www.youtube.com/watch?v=IDlVI8wtuFU,3:56:15,14382,0,,2024/07/31
少女レイ,みきと,https://www.youtube.com/watch?v=IDlVI8wtuFU,4:09:48,15271,0,,2024/07/31
ロウワー,ぬゆり,https://www.youtube.com/watch?v=totVAtN8dD0,20:19,1446,0,,2024/08/02
おちゃめ機能,ゴジマジＰ,https://www.youtube.com/watch?v=totVAtN8dD0,26:45,1852,0,,2024/08/02
一度だけの恋なら,ワルキューレ,https://www.youtube.com/watch?v=totVAtN8dD0,34:12,2298,0,,2024/08/02
ひねくれ者,supercell,https://www.youtube.com/watch?v=totVAtN8dD0,40:31,2674,0,,2024/08/02
回る空うさぎ,Orangestar,https://www.youtube.com/watch?v=totVAtN8dD0,49:41,3153,0,,2024/08/02
命に嫌われている,カンザキイオリ,https://www.youtube.com/watch?v=totVAtN8dD0,1:04:30,4136,0,,2024/08/02
そばかす,JUDY AND MARY,https://www.youtube.com/watch?v=totVAtN8dD0,1:12:45,4613,0,,2024/08/02
プロトディスコ,ぬゆり,https://www.youtube.com/watch?v=totVAtN8dD0,1:17:46,4930,0,,2024/08/02
惨事のハニー,梨本うい,https://www.youtube.com/watch?v=totVAtN8dD0,1:25:30,5446,0,,2024/08/02
KING,Kanaria,https://www.youtube.com/watch?v=totVAtN8dD0,1:32:31,5685,0,,2024/08/02
ジェヘナ,wotaku,https://www.youtube.com/watch?v=totVAtN8dD0,1:37:10,6076,0,(1:40:20 よの音お気に入り),2024/08/02
パズル,クワガタP,https://www.youtube.com/watch?v=totVAtN8dD0,1:43:25,6458,0,,2024/08/02
僕らの記憶を掠わないで,rinri,https://www.youtube.com/watch?v=totVAtN8dD0,1:50:42,6892,0,(1:53:32 B5),2024/08/02
あわよくばきみの眷属になりたいな,Peg,https://www.youtube.com/watch?v=totVAtN8dD0,1:57:07,7203,0,,2024/08/02
ボカラン詐欺,ざにお,https://www.youtube.com/watch?v=totVAtN8dD0,2:08:37,7859,0,,2024/08/02
サウンド,baker,https://www.youtube.com/watch?v=totVAtN8dD0,2:27:06,9012,0,,2024/08/02
むかしむかしのきょうのぼく,DECO*27,https://www.youtube.com/watch?v=totVAtN8dD0,2:46:40,10306,0,,2024/08/02
ブタサンダー,Yukopi,https://www.youtube.com/watch?v=totVAtN8dD0,3:11:44,11638,0,,2024/08/02
アスノヨゾラ哨戒班,Orangestar,https://www.youtube.com/watch?v=By3vc1J1A20,8:45,699,0,,2024/08/09
celluloid,baker,https://www.youtube.com/watch?v=By3vc1J1A20,16:02,1197,0,,2024/08/09
1/6,ぼーかりおどP,https://www.youtube.com/watch?v=By3vc1J1A20,27:50,1931,0,,2024/08/09
ORCA,小林オニキス,https://www.youtube.com/watch?v=By3vc1J1A20,37:49,2546,0,,2024/08/09
ネトゲ廃人シュプレヒコール,TENKOMRI,https://www.youtube.com/watch?v=By3vc1J1A20,55:18,3577,0,,2024/08/09
FREELY TOMORROW,Mitchie M,https://www.youtube.com/watch?v=By3vc1J1A20,1:15:16,4752,0,,2024/08/09
メグメル,eufonius,https://www.youtube.com/watch?v=By3vc1J1A20,1:25:46,5426,0,,2024/08/09
時を刻む唄,Lia,https://www.youtube.com/watch?v=By3vc1J1A20,1:39:13,6217,0,,2024/08/09
不可思議のカルテ,桜島麻衣 、 古賀朋絵 、 双葉理央 、 豊浜のどか 、 梓川かえで 、 牧之原翔子,https://www.youtube.com/watch?v=By3vc1J1A20,1:49:49,6824,0,,2024/08/09
逆さまレインボー,すんｚりヴぇｒP,https://www.youtube.com/watch?v=By3vc1J1A20,2:02:07,7629,0,,2024/08/09
フラジール,ぬゆり,https://www.youtube.com/watch?v=By3vc1J1A20,2:10:02,8069,0,,2024/08/09
メルティランドナイトメア,はるまきごはん,https://www.youtube.com/watch?v=By3vc1J1A20,2:20:26,8689,0,,2024/08/09
プラネテス,seiza,https://www.youtube.com/watch?v=By3vc1J1A20,2:27:07,8980,0,,2024/08/09
少女レイ,みきと,https://www.youtube.com/watch?v=Ff_k8u8Pcfo,10:27,910,0,,2024/08/14
Fire◎Flower,halyosy,https://www.youtube.com/watch?v=Ff_k8u8Pcfo,24:16,1714,0,,2024/08/14
初めての恋が終わる時,supercell,https://www.youtube.com/watch?v=Ff_k8u8Pcfo,32:07,2236,0,,2024/08/14
鳥の詩,Lia,https://www.youtube.com/watch?v=Ff_k8u8Pcfo,44:58,3059,0,,2024/08/14
ビバハピ,Mitchie M,https://www.youtube.com/watch?v=Ff_k8u8Pcfo,57:55,3683,0,,2024/08/14
深海シティアンダーグラウンド,田中B,https://www.youtube.com/watch?v=Ff_k8u8Pcfo,1:19:20,5034,0,,2024/08/14
HOT LIMIT,T.M.Revolution,https://www.youtube.com/watch?v=Ff_k8u8Pcfo,1:30:23,5640,0,,2024/08/14
全力☆Summer!,angela,https://www.youtube.com/watch?v=Ff_k8u8Pcfo,1:47:48,6697,0,,2024/08/14
ガーネット,奥華子,https://www.youtube.com/watch?v=Ff_k8u8Pcfo,1:55:17,7231,0,,2024/08/14
向日葵,Ado,https://www.youtube.com/watch?v=Ff_k8u8Pcfo,2:15:18,8372,0,,2024/08/14
ラヴァーズ,7!!,https://www.youtube.com/watch?v=Ff_k8u8Pcfo,2:31:28,9308,0,,2024/08/14
星間飛行,中島愛,https://www.youtube.com/watch?v=Ff_k8u8Pcfo,2:39:58,9826,0,,2024/08/14
ラビットホール,DECO*27,https://www.youtube.com/watch?v=Ff_k8u8Pcfo,2:49:46,10344,0,,2024/08/14
彗星になれたなら,はるまきごはん,https://www.youtube.com/watch?v=XKXl2cH3Llo,18:02,1309,0,,2024/08/16
雨とカプチーノ,ヨルシカ,https://www.youtube.com/watch?v=XKXl2cH3Llo,27:42,1931,0,,2024/08/16
カトラリー,有機酸,https://www.youtube.com/watch?v=XKXl2cH3Llo,34:53,2328,0,,2024/08/16
君の脈で踊りたかった,ピコン,https://www.youtube.com/watch?v=XKXl2cH3Llo,41:05,2705,0,,2024/08/16
アカルイミライ,クワガタP,https://www.youtube.com/watch?v=XKXl2cH3Llo,50:05,3261,0,,2024/08/16
ハオ,DECO*27,https://www.youtube.com/watch?v=XKXl2cH3Llo,1:00:00,3817,0,,2024/08/16
いけないボーダーライン,ワルキューレ,https://www.youtube.com/watch?v=XKXl2cH3Llo,1:17:05,4899,0,,2024/08/16
No logic,ジミーサムP,https://www.youtube.com/watch?v=XKXl2cH3Llo,1:34:56,5952,0,,2024/08/16
きみも悪い人でよかった,ピノキオピー,https://www.youtube.com/watch?v=XKXl2cH3Llo,1:43:43,6604,0,,2024/08/16
ラグトレイン,稲葉曇,https://www.youtube.com/watch?v=XKXl2cH3Llo,2:04:05,7691,0,,2024/08/16
少女レイ,みきと,https://www.youtube.com/watch?v=aQ0t85xrVoM,9:20,842,0,,2024/08/21
ロケットサイダー,ナユタン星人,https://www.youtube.com/watch?v=aQ0t85xrVoM,23:45,1612,0,,2024/08/21
ヒト(リ)ゴト,KEI,https://www.youtube.com/watch?v=aQ0t85xrVoM,35:27,2393,0,,2024/08/21
トップシークレット,すこっぷ,https://www.youtube.com/watch?v=aQ0t85xrVoM,43:57,2863,0,,2024/08/21
ブループラネット,DECO*27,https://www.youtube.com/watch?v=aQ0t85xrVoM,53:05,3392,0,,2024/08/21
パラレルラルラ,夏代孝明,https://www.youtube.com/watch?v=aQ0t85xrVoM,59:57,3752,0,,2024/08/21
アスノヨゾラ哨戒班,Orangestar,https://www.youtube.com/watch?v=aQ0t85xrVoM,1:06:47,4182,0,,2024/08/21
ヴァンパイア,DECO*27,https://www.youtube.com/watch?v=aQ0t85xrVoM,1:12:27,4526,0,,2024/08/21
ドーナツホール,ハチ,https://www.youtube.com/watch?v=aQ0t85xrVoM,1:19:03,4947,0,,2024/08/21
バレリーコ,みきと,https://www.youtube.com/watch?v=aQ0t85xrVoM,1:28:09,5533,0,,2024/08/21
八月、某、月明かり,ヨルシカ,https://www.youtube.com/watch?v=aQ0t85xrVoM,1:34:54,5968,0,,2024/08/21
オートファジー,柊キライ,https://www.youtube.com/watch?v=aQ0t85xrVoM,1:42:42,6377,0,,2024/08/21
邪魔,syudou,https://www.youtube.com/watch?v=aQ0t85xrVoM,1:52:22,6948,0,,2024/08/21
トンデモワンダーズ,sasakure.UK,https://www.youtube.com/watch?v=aQ0t85xrVoM,1:59:49,7380,0,,2024/08/21
感情ディシーブ,ろーある,https://www.youtube.com/watch?v=aQ0t85xrVoM,2:05:09,7628,0,,2024/08/21
アンドロイドガール,DECO*27,https://www.youtube.com/watch?v=aQ0t85xrVoM,2:09:05,7953,0,,2024/08/21
強風オールバック,Yukopi,https://www.youtube.com/watch?v=aQ0t85xrVoM,2:15:14,8247,0,,2024/08/21
Let-ters,ヘブンズP,https://www.youtube.com/watch?v=aQ0t85xrVoM,2:44:34,10141,0,,2024/08/21
アニマル,DECO*27,https://www.youtube.com/watch?v=aQ0t85xrVoM,2:53:26,10557,0,,2024/08/21
ループ,坂本真綾,https://www.youtube.com/watch?v=aQ0t85xrVoM,2:58:55,11054,0,,2024/08/21
quiet room,有機酸,https://www.youtube.com/watch?v=0I-7MGHMawM,19:39,1396,0,,2024/08/23
from Y to Y,ジミーサムP,https://www.youtube.com/watch?v=0I-7MGHMawM,30:10,2137,0,,2024/08/23
Tell Your World,kz,https://www.youtube.com/watch?v=0I-7MGHMawM,52:24,3397,0,,2024/08/23
ODDS&ENDS,ryo,https://www.youtube.com/watch?v=0I-7MGHMawM,1:02:05,4045,0,,2024/08/23
summer lights,市瀬るぽ,https://www.youtube.com/watch?v=0I-7MGHMawM,1:10:18,4482,0,,2024/08/23
Just be Friends,Dixie Flatline,https://www.youtube.com/watch?v=0I-7MGHMawM,1:22:00,5217,0,,2024/08/23
magnet,Minato,https://www.youtube.com/watch?v=0I-7MGHMawM,1:28:38,5554,0,,2024/08/23
White,*Luna,https://www.youtube.com/watch?v=0I-7MGHMawM,1:50:18,6883,0,,2024/08/23
glow,Keeno,https://www.youtube.com/watch?v=0I-7MGHMawM,1:57:02,7302,0,,2024/08/23
サマータイムレコード,じん,https://www.youtube.com/watch?v=Rl9gLfn_BHI,18:11,1360,0,,2024/08/28
あくあ色ぱれっと,湊あくあ,https://www.youtube.com/watch?v=Rl9gLfn_BHI,32:53,2243,0,,2024/08/28
ストロボメモリー,内田真礼,https://www.youtube.com/watch?v=Rl9gLfn_BHI,39:43,2665,0,,2024/08/28
世界は恋に落ちている,HoneyWorks,https://www.youtube.com/watch?v=Rl9gLfn_BHI,58:23,3812,0,,2024/08/28
プラネテス,seiza,https://www.youtube.com/watch?v=Rl9gLfn_BHI,1:08:10,4243,0,,2024/08/28
Last regret(アカペラ),彩菜,https://www.youtube.com/watch?v=Rl9gLfn_BHI,1:32:30,5636,0,,2024/08/28
Philosophyz,水谷瑠奈,https://www.youtube.com/watch?v=Rl9gLfn_BHI,1:41:35,6383,0,,2024/08/28
My Soul，Your Beats!,Lia,https://www.youtube.com/watch?v=Rl9gLfn_BHI,1:58:44,7392,0,,2024/08/28
可愛くてごめん,HoneyWorks,https://www.youtube.com/watch?v=Rl9gLfn_BHI,2:08:50,7947,0,,2024/08/28
song for friends(弾き語り),平井理子,https://www.youtube.com/watch?v=Rl9gLfn_BHI,2:17:46,8728,0,,2024/08/28
ひねくれ者,supercell,https://www.youtube.com/watch?v=Rl9gLfn_BHI,2:31:11,9315,0,,2024/08/28
金魚花火,大塚愛,https://www.youtube.com/watch?v=CwoFZS2pyss,20:48,1517,0,,2024/08/30
プラチナ,坂本真綾,https://www.youtube.com/watch?v=CwoFZS2pyss,31:01,2107,0,,2024/08/30
色彩,坂本真綾,https://www.youtube.com/watch?v=CwoFZS2pyss,39:05,2614,0,,2024/08/30
ハッピーシンセサイザ,EasyPop,https://www.youtube.com/watch?v=CwoFZS2pyss,47:42,3093,0,,2024/08/30
ハッピー☆マテリアル,麻帆良学園中等部2-A (魔法先生ネギま！),https://www.youtube.com/watch?v=CwoFZS2pyss,1:00:45,3866,0,,2024/08/30
花ざかりWeekend✿,4Luxury,https://www.youtube.com/watch?v=CwoFZS2pyss,1:07:56,4324,0,,2024/08/30
あなたクランケン,tamon,https://www.youtube.com/watch?v=CwoFZS2pyss,1:16:22,4791,0,,2024/08/30
君が君が,baker,https://www.youtube.com/watch?v=CwoFZS2pyss,1:31:20,5708,0,,2024/08/30
少年よ我に帰れ,やくしまるえつこメトロオーケストラ,https://www.youtube.com/watch?v=CwoFZS2pyss,1:50:10,6993,0,,2024/08/30
君をのせて,井上あずみ,https://www.youtube.com/watch?v=CwoFZS2pyss,1:59:46,7382,0,,2024/08/30
ハロ/ハワユ,ナノウ,https://www.youtube.com/watch?v=CwoFZS2pyss,2:05:20,7799,0,,2024/08/30
繰り返し一粒,猫虫,https://www.youtube.com/watch?v=CwoFZS2pyss,2:12:22,8191,0,,2024/08/30
一番の宝物,karuta,https://www.youtube.com/watch?v=CwoFZS2pyss,2:27:44,9219,0,,2024/08/30
桜ノ雨,halyosy,https://www.youtube.com/watch?v=dowlsByWSdk,11:56,1106,0,,2024/09/04
you,癒月,https://www.youtube.com/watch?v=dowlsByWSdk,29:40,1991,0,,2024/09/04
God knows...,平野綾,https://www.youtube.com/watch?v=dowlsByWSdk,42:11,2808,0,,2024/09/04
Super Driver,平野綾,https://www.youtube.com/watch?v=dowlsByWSdk,54:52,3548,0,,2024/09/04
Tell Your World,kz,https://www.youtube.com/watch?v=dowlsByWSdk,1:17:37,4909,0,,2024/09/04
つきうさぎ,OSTER project,https://www.youtube.com/watch?v=dowlsByWSdk,1:26:08,5511,0,,2024/09/04
曇天,DOES,https://www.youtube.com/watch?v=dowlsByWSdk,1:35:59,5968,0,,2024/09/04
孤独の果て,光収容,https://www.youtube.com/watch?v=dowlsByWSdk,1:49:03,6799,0,,2024/09/04
紅一葉,黒うさP,https://www.youtube.com/watch?v=dowlsByWSdk,2:14:45,8332,0,,2024/09/04
お願いマッスル,紗倉ひびき（ファイルーズあい）＆街雄鳴造（石川界人）,https://www.youtube.com/watch?v=dowlsByWSdk,2:27:44,9083,0,,2024/09/04
瑠璃色金魚と花菖蒲,白石紬,https://www.youtube.com/watch?v=dowlsByWSdk,2:38:08,9741,0,,2024/09/04
弱虫モンブラン,DECO*27,https://www.youtube.com/watch?v=dowlsByWSdk,2:46:55,10252,0,,2024/09/04
FREELY TOMORROW,Mitchie M,https://www.youtube.com/watch?v=q-Fo_ExzKxo,14:59,1137,0,,2024/09/11
For フルーツバスケット,岡崎律子,https://www.youtube.com/watch?v=q-Fo_ExzKxo,36:27,2438,0,,2024/09/11
この空の向こう,吉田仁美,https://www.youtube.com/watch?v=q-Fo_ExzKxo,51:01,3284,0,,2024/09/11
イェイ！イェイ！イェイ！,吉田仁美,https://www.youtube.com/watch?v=q-Fo_ExzKxo,57:17,3663,0,,2024/09/11
え？あぁ、そう,蝶々Ｐ,https://www.youtube.com/watch?v=q-Fo_ExzKxo,1:35:06,5897,0,,2024/09/11
アイロニ,すこっぷ,https://www.youtube.com/watch?v=q-Fo_ExzKxo,1:45:01,6547,0,,2024/09/11
ココロ,トラボルタ,https://www.youtube.com/watch?v=q-Fo_ExzKxo,2:23:45,8903,0,,2024/09/11
神のまにまに,れるりり,https://www.youtube.com/watch?v=q-Fo_ExzKxo,2:33:05,9436,0,,2024/09/11
脳漿炸裂ガール,れるりり,https://www.youtube.com/watch?v=q-Fo_ExzKxo,2:38:56,9725,0,,2024/09/11
ロストワンの号哭,Neru,https://www.youtube.com/watch?v=q-Fo_ExzKxo,2:46:31,10204,0,,2024/09/11
ずうっといっしょ！,キタニタツヤ,https://www.youtube.com/watch?v=iBScLRVqkEU,10:36,813,0,,2024/09/18
神っぽいな,ピノキオピー,https://www.youtube.com/watch?v=iBScLRVqkEU,21:32,1494,0,,2024/09/18
阿修羅ちゃん,Ado,https://www.youtube.com/watch?v=iBScLRVqkEU,28:05,1876,0,,2024/09/18
トレセン音頭,ウマ娘,https://www.youtube.com/watch?v=iBScLRVqkEU,37:18,2377,0,,2024/09/18
サインはB,B小町,https://www.youtube.com/watch?v=iBScLRVqkEU,45:31,2949,0,,2024/09/18
STAR☆T☆RAIN,B小町,https://www.youtube.com/watch?v=iBScLRVqkEU,1:03:27,4036,0,,2024/09/18
自分REST@RT,765PRO ALLSTARS,https://www.youtube.com/watch?v=iBScLRVqkEU,1:13:33,4756,0,,2024/09/18
僕らのLIVE 君とのLIFE,μ’s,https://www.youtube.com/watch?v=iBScLRVqkEU,1:32:52,5890,0,,2024/09/18
夏色えがおで1，2，Jump!,μ’s,https://www.youtube.com/watch?v=iBScLRVqkEU,1:40:32,6296,0,,2024/09/18
輝夜の城で踊りたい,μ's,https://www.youtube.com/watch?v=iBScLRVqkEU,1:48:27,6774,0,,2024/09/18
Mermaid festa vol.1,μ’s,https://www.youtube.com/watch?v=iBScLRVqkEU,1:57:03,7257,0,,2024/09/18
砂の惑星,ハチ,https://www.youtube.com/watch?v=iBScLRVqkEU,2:25:22,8955,0,,2024/09/18
ブループラネット,DECO*27,https://www.youtube.com/watch?v=iBScLRVqkEU,2:32:39,9366,0,,2024/09/18
そして君は月になった,きくお,https://www.youtube.com/watch?v=iBScLRVqkEU,2:47:07,10294,0,,2024/09/18
空耳ケーキ,Oranges&Lemons,https://www.youtube.com/watch?v=iBScLRVqkEU,2:54:21,10691,0,,2024/09/18
chocolate insomnia,羽川翼(CV.堀江由衣),https://www.youtube.com/watch?v=iBScLRVqkEU,4:09:11,15223,0,,2024/09/18
Departures 〜あなたにおくるアイの歌〜,EGOIST,https://www.youtube.com/watch?v=iBScLRVqkEU,4:26:01,16208,0,,2024/09/18
おくすりのんでねよう,もちうつね,https://www.youtube.com/watch?v=f0taYqhkknI,22:21,1526,0,,2024/09/20
異星にいこうね,いよわ,https://www.youtube.com/watch?v=f0taYqhkknI,47:50,3035,0,,2024/09/20
もってけ！セーラーふく,らき☆すた,https://www.youtube.com/watch?v=f0taYqhkknI,1:10:10,4463,0,,2024/09/20
天ノ弱,164,https://www.youtube.com/watch?v=f0taYqhkknI,1:16:32,4775,0,,2024/09/20
雫,スキマスイッチ,https://www.youtube.com/watch?v=f0taYqhkknI,1:23:08,5184,0,,2024/09/20
プラネテス,seiza,https://www.youtube.com/watch?v=f0taYqhkknI,1:49:58,6750,0,,2024/09/20
clock lock works,ハチ,https://www.youtube.com/watch?v=f0taYqhkknI,2:17:59,8529,0,,2024/09/20
ねむるまち,くじら,https://www.youtube.com/watch?v=f0taYqhkknI,2:56:10,10767,0,,2024/09/20
ごはんはおかず,桜高軽音部,https://www.youtube.com/watch?v=689DPvt4dnI,18:10,1277,0,,2024/09/25
お願いマッスル,紗倉ひびき（ファイルーズあい）＆街雄鳴造（石川界人）,https://www.youtube.com/watch?v=689DPvt4dnI,32:20,2158,0,,2024/09/25
ワンダーランドと羊の歌,ハチ,https://www.youtube.com/watch?v=689DPvt4dnI,54:00,3522,0,,2024/09/25
アスノヨゾラ哨戒班,Orangestar,https://www.youtube.com/watch?v=689DPvt4dnI,1:03:35,3987,0,,2024/09/25
いけないボーダーライン,ワルキューレ,https://www.youtube.com/watch?v=689DPvt4dnI,1:17:06,4901,0,,2024/09/25
エイリアンエイリアン,ナユタン星人,https://www.youtube.com/watch?v=689DPvt4dnI,1:48:08,6667,0,,2024/09/25
ローリンガール,wowaka,https://www.youtube.com/watch?v=689DPvt4dnI,2:03:30,7598,0,,2024/09/25
初音ミクの消失,CosMo@暴走P,https://www.youtube.com/watch?v=689DPvt4dnI,2:18:57,8621,0,,2024/09/25
アディショナルメモリー,じん,https://www.youtube.com/watch?v=689DPvt4dnI,2:39:44,9820,0,,2024/09/25
きゅうくらりん,いよわ,https://www.youtube.com/watch?v=689DPvt4dnI,2:49:32,10385,0,,2024/09/25
ミルククラウン・オン・ソーネチカ,ユジー,https://www.youtube.com/watch?v=689DPvt4dnI,3:01:03,11076,0,,2024/09/25
ご教示ください？,もちうつね,https://www.youtube.com/watch?v=689DPvt4dnI,3:08:08,11430,0,,2024/09/25
アングレイデイズ,ツミキ,https://www.youtube.com/watch?v=689DPvt4dnI,3:33:00,12960,0,,2024/09/25
サリシノハラ,みきと,https://www.youtube.com/watch?v=689DPvt4dnI,3:37:10,13298,0,,2024/09/25
UNDEAD,YOASOBI,https://www.youtube.com/watch?v=qKv-9CPSbzU,20:03,1386,0,,2024/10/04
酔いどれ知らず,Kanaria,https://www.youtube.com/watch?v=qKv-9CPSbzU,27:59,1813,0,,2024/10/04
ルル,Ado,https://www.youtube.com/watch?v=qKv-9CPSbzU,42:08,2724,0,,2024/10/04
白金ディスコ,阿良々木月火,https://www.youtube.com/watch?v=qKv-9CPSbzU,1:41:25,6338,0,,2024/10/04
冒険でしょでしょ？,平野綾,https://www.youtube.com/watch?v=qKv-9CPSbzU,2:13:43,8277,0,,2024/10/04
アディショナルメモリー,じん,https://www.youtube.com/watch?v=qKv-9CPSbzU,2:21:38,8736,0,,2024/10/04
夜空ノムコウ,SMAP,https://www.youtube.com/watch?v=qKv-9CPSbzU,2:29:32,9226,0,,2024/10/04
くちづけDiamond,WEAVER,https://www.youtube.com/watch?v=qKv-9CPSbzU,3:08:08,11521,0,,2024/10/04
カサブタ,千綿ヒデノリ,https://www.youtube.com/watch?v=qKv-9CPSbzU,3:21:30,12283,0,,2024/10/04
サウンド,baker,https://www.youtube.com/watch?v=qKv-9CPSbzU,3:29:21,12749,0,,2024/10/04
Booo!,TOKOTOKO,https://www.youtube.com/watch?v=Fkg8rWYDl8k,29:42,1952,0,,2024/10/11
ストロボメモリー,内田真礼,https://www.youtube.com/watch?v=Fkg8rWYDl8k,35:12,2393,0,,2024/10/11
深海少女-deep sea girl-,ゆうゆ,https://www.youtube.com/watch?v=Fkg8rWYDl8k,48:15,3111,0,,2024/10/11
さよならアンドロメダ,渋谷凛、森久保乃々、大和亜季,https://www.youtube.com/watch?v=Fkg8rWYDl8k,1:00:32,4008,0,,2024/10/11
ガールズ・イン・ザ・フロンティア,渋谷凛、早坂美玲、木村夏樹、小日向美穂、塩見周子,https://www.youtube.com/watch?v=Fkg8rWYDl8k,1:16:59,4870,0,,2024/10/11
桜ノ雨,halyosy,https://www.youtube.com/watch?v=Fkg8rWYDl8k,1:23:51,5421,0,,2024/10/11
ラビットフォーゲッツ,KNOTS,https://www.youtube.com/watch?v=Fkg8rWYDl8k,1:37:06,6110,0,,2024/10/11
それがあなたの幸せとしても,Heavenz,https://www.youtube.com/watch?v=Fkg8rWYDl8k,2:04:13,7718,0,,2024/10/11
地球最後の告白を,kemu,https://www.youtube.com/watch?v=Fkg8rWYDl8k,2:12:36,8222,0,,2024/10/11
初めての恋が終わる時,supercell,https://www.youtube.com/watch?v=Fkg8rWYDl8k,2:25:15,9023,0,,2024/10/11
ダダダダ天使,ナナヲアカリ,https://www.youtube.com/watch?v=Fkg8rWYDl8k,3:03:18,11220,0,,2024/10/11
いーあるふぁんくらぶ,みきと,https://www.youtube.com/watch?v=Fkg8rWYDl8k,3:17:53,12105,0,,2024/10/11
crack,Keeno,https://www.youtube.com/watch?v=oXggB2cCdSY,14:10,1117,0,,2024/10/18
きっと青春が聞こえる,μ's,https://www.youtube.com/watch?v=oXggB2cCdSY,52:26,3388,0,,2024/10/18
Snow halation,μ’s,https://www.youtube.com/watch?v=oXggB2cCdSY,1:01:37,3947,0,,2024/10/18
夏に去りし君を想フ,baker,https://www.youtube.com/watch?v=oXggB2cCdSY,1:08:49,4292,0,,2024/10/18
quiet room,有機酸,https://www.youtube.com/watch?v=oXggB2cCdSY,1:16:11,4785,0,,2024/10/18
ニア,夏代孝明,https://www.youtube.com/watch?v=oXggB2cCdSY,1:24:51,5333,0,,2024/10/18
アカルイミライ,クワガタP,https://www.youtube.com/watch?v=oXggB2cCdSY,1:31:20,5735,0,,2024/10/18
星を編む,seiza,https://www.youtube.com/watch?v=oXggB2cCdSY,1:43:13,6422,0,,2024/10/18
ずうっといっしょ！,キタニタツヤ,https://www.youtube.com/watch?v=oXggB2cCdSY,1:49:52,6769,0,,2024/10/18
ド屑,なきそ,https://www.youtube.com/watch?v=oXggB2cCdSY,1:56:28,7104,0,,2024/10/18
孤独の宗教,syudou,https://www.youtube.com/watch?v=oXggB2cCdSY,2:03:18,7587,0,,2024/10/18
Dizzy Dizzy,蜂屋ななし,https://www.youtube.com/watch?v=oXggB2cCdSY,2:12:36,8164,0,,2024/10/18
ラビットホール,DECO*27,https://www.youtube.com/watch?v=oXggB2cCdSY,2:18:33,8471,0,,2024/10/18
UNDEAD,YOASOBI,https://www.youtube.com/watch?v=oXggB2cCdSY,2:23:23,8786,0,,2024/10/18
サイハテ,小林オニキス,https://www.youtube.com/watch?v=oXggB2cCdSY,2:31:16,9237,0,,2024/10/18
向日葵,Ado,https://www.youtube.com/watch?v=oXggB2cCdSY,2:38:56,9791,0,,2024/10/18
星が瞬くこんな夜に,supercell,https://www.youtube.com/watch?v=oXggB2cCdSY,2:45:51,10211,0,,2024/10/18
動く、動く,チト、 ユーリ、 久保ユリカ、 水瀬いのり,https://www.youtube.com/watch?v=oXggB2cCdSY,2:54:32,10562,0,,2024/10/18
Tulip,速水奏、塩見周子、城ヶ崎美嘉、宮本フレデリカ、一ノ瀬志希,https://www.youtube.com/watch?v=oXggB2cCdSY,3:03:04,11110,0,,2024/10/18
小さな手のひら,Lia,https://www.youtube.com/watch?v=oXggB2cCdSY,3:07:06,11504,0,,2024/10/18
僕たちが恋をする理由,坂本真綾,https://www.youtube.com/watch?v=oXggB2cCdSY,3:15:30,12062,0,,2024/10/18
彗星になれたなら,はるまきごはん,https://www.youtube.com/watch?v=3dbXBwd-M14,17:09,1258,0,,2024/10/25
Happy Halloween,Junky,https://www.youtube.com/watch?v=3dbXBwd-M14,24:41,1722,0,,2024/10/25
ゾンビ,DECO*27,https://www.youtube.com/watch?v=3dbXBwd-M14,38:22,2489,0,,2024/10/25
エンヴィーベイビー,Kanaria,https://www.youtube.com/watch?v=3dbXBwd-M14,54:29,3403,0,,2024/10/25
ジャンキーナイトタウンオーケストラ,すりぃ,https://www.youtube.com/watch?v=3dbXBwd-M14,1:02:04,3937,0,,2024/10/25
シニカルナイトプラン,Ayase,https://www.youtube.com/watch?v=3dbXBwd-M14,1:10:02,4402,0,,2024/10/25
好き！雪！本気マジック,Mitchie M,https://www.youtube.com/watch?v=3dbXBwd-M14,1:24:07,5244,0,,2024/10/25
帝国少女,R Sound Design,https://www.youtube.com/watch?v=3dbXBwd-M14,1:45:05,6558,0,,2024/10/25
回る空うさぎ,Orangestar,https://www.youtube.com/watch?v=3dbXBwd-M14,2:04:38,7649,0,,2024/10/25
なれのはて,梨本うい,https://www.youtube.com/watch?v=3dbXBwd-M14,2:16:01,8473,0,,2024/10/25
Happy Halloween,Junky,https://www.youtube.com/watch?v=f7X1bgY-cc0,26:47,1850,0,,2024/11/01
ヴァンパイア,DECO*27,https://www.youtube.com/watch?v=f7X1bgY-cc0,32:50,2147,0,,2024/11/01
ジェヘナ,wotaku,https://www.youtube.com/watch?v=f7X1bgY-cc0,47:47,3112,0,,2024/11/01
UNDEAD,YOASOBI,https://www.youtube.com/watch?v=f7X1bgY-cc0,54:59,3482,0,,2024/11/01
テレキャスタービーボーイ,すりぃ,https://www.youtube.com/watch?v=f7X1bgY-cc0,1:02:43,3925,0,,2024/11/01
異星にいこうね,いよわ,https://www.youtube.com/watch?v=f7X1bgY-cc0,1:09:31,4336,0,,2024/11/01
ボルテッカー,DECO*27,https://www.youtube.com/watch?v=f7X1bgY-cc0,1:28:20,5451,0,,2024/11/01
カノープス,ナユタン星人,https://www.youtube.com/watch?v=f7X1bgY-cc0,1:50:47,6819,0,,2024/11/01
ヴィーナスとジーザス,やくしまるえつこ,https://www.youtube.com/watch?v=f7X1bgY-cc0,2:07:40,7847,0,,2024/11/01
celluloid,baker,https://www.youtube.com/watch?v=f7X1bgY-cc0,2:13:48,8262,0,,2024/11/01
弱虫モンブラン,DECO*27,https://www.youtube.com/watch?v=jw8ByMTIn5I,28:13,1930,0,,2024/11/08
水死体にもどらないで,いよわ,https://www.youtube.com/watch?v=jw8ByMTIn5I,53:31,3436,0,,2024/11/08
FREELY TOMORROW,Mitchie M,https://www.youtube.com/watch?v=jw8ByMTIn5I,1:29:16,5594,0,,2024/11/08
徒花ネクロマンシー,フランシュシュ,https://www.youtube.com/watch?v=jw8ByMTIn5I,2:01:26,7528,0,,2024/11/08
トライアングラー,坂本真綾,https://www.youtube.com/watch?v=jw8ByMTIn5I,2:10:46,8120,0,,2024/11/08
星座になれたら,結束バンド,https://www.youtube.com/watch?v=jw8ByMTIn5I,2:27:56,9130,0,,2024/11/08
瑠璃色金魚と花菖蒲,白石紬,https://www.youtube.com/watch?v=jw8ByMTIn5I,2:34:57,9552,0,,2024/11/08
グリーンライツセレナーデ,Omoi,https://www.youtube.com/watch?v=jw8ByMTIn5I,2:43:47,10069,0,,2024/11/08
彗星になれたなら,はるまきごはん,https://www.youtube.com/watch?v=jw8ByMTIn5I,2:50:35,10463,0,,2024/11/08
アディショナルメモリー,じん,https://www.youtube.com/watch?v=mJ99F8CWsnA,33:04,2215,0,,2024/11/15
インビジブル,kemu,https://www.youtube.com/watch?v=mJ99F8CWsnA,1:19:36,4987,0,,2024/11/15
アイロニ,すこっぷ,https://www.youtube.com/watch?v=mJ99F8CWsnA,2:03:25,7652,0,,2024/11/15
crack,Keeno,https://www.youtube.com/watch?v=mJ99F8CWsnA,2:17:29,8514,0,,2024/11/15
ODDS&ENDS,ryo,https://www.youtube.com/watch?v=mJ99F8CWsnA,2:26:40,9130,0,,2024/11/15
ゾンビ,DECO*27,https://www.youtube.com/watch?v=mJ99F8CWsnA,2:50:59,10445,0,,2024/11/15
1000年生きてる,いよわ,https://www.youtube.com/watch?v=mJ99F8CWsnA,2:57:27,10835,0,,2024/11/15
君が君が,baker,https://www.youtube.com/watch?v=mJ99F8CWsnA,3:05:49,11377,0,,2024/11/15
忘れてやらない,結束バンド,https://www.youtube.com/watch?v=Oa28DosJI0c,48:56,3153,0,,2024/11/29
エメラルドシティ,TOKOTOKO,https://www.youtube.com/watch?v=Oa28DosJI0c,1:00:39,3887,0,,2024/11/29
テロル,Neru,https://www.youtube.com/watch?v=Oa28DosJI0c,1:24:25,5293,0,,2024/11/29
不可思議のカルテ,桜島麻衣 、 古賀朋絵 、 双葉理央 、 豊浜のどか 、 梓川かえで 、 牧之原翔子,https://www.youtube.com/watch?v=Oa28DosJI0c,1:45:31,6566,0,,2024/11/29
好き！雪！本気マジック,Mitchie M,https://www.youtube.com/watch?v=Oa28DosJI0c,1:55:40,7135,0,,2024/11/29
白い雪のプリンセスは,のぼる↑,https://www.youtube.com/watch?v=Oa28DosJI0c,2:18:51,8599,0,,2024/11/29
彗星になれたなら,はるまきごはん,https://www.youtube.com/watch?v=Oa28DosJI0c,2:55:51,10780,0,,2024/11/29
地球最後の告白を,kemu,https://www.youtube.com/watch?v=uCbbSNXYAFE,18:36,1380,0,,2024/12/06
ぽかぽかの星,はるまきごはん,https://www.youtube.com/watch?v=uCbbSNXYAFE,28:44,1967,0,,2024/12/06
四角い地球を丸くする,TOKOTOKO,https://www.youtube.com/watch?v=uCbbSNXYAFE,45:24,2935,0,,2024/12/06
夜もすがら君想ふ,TOKOTOKO,https://www.youtube.com/watch?v=uCbbSNXYAFE,1:05:27,4163,0,,2024/12/06
エメラルドシティ,TOKOTOKO,https://www.youtube.com/watch?v=uCbbSNXYAFE,1:41:57,6366,0,,2024/12/06
ハロ/ハワユ,ナノウ,https://www.youtube.com/watch?v=uCbbSNXYAFE,1:50:03,6881,0,,2024/12/06
砂の惑星,ハチ,https://www.youtube.com/watch?v=uCbbSNXYAFE,1:57:59,7316,0,,2024/12/06
からくりピエロ,40㍍P,https://www.youtube.com/watch?v=uCbbSNXYAFE,2:03:39,7675,0,,2024/12/06
星が瞬くこんな夜に,supercell,https://www.youtube.com/watch?v=uCbbSNXYAFE,2:11:03,8124,0,,2024/12/06
ごはんはおかず,桜高軽音部,https://www.youtube.com/watch?v=uCbbSNXYAFE,2:44:03,10032,0,,2024/12/06
初めての恋が終わる時,supercell,https://www.youtube.com/watch?v=l2ERVetXJ_w,8:32,823,0,,2024/12/13
好き！雪！本気マジック,Mitchie M,https://www.youtube.com/watch?v=l2ERVetXJ_w,26:22,1779,0,,2024/12/13
冬がくれた予感,BiBi,https://www.youtube.com/watch?v=l2ERVetXJ_w,33:31,2339,0,,2024/12/13
flos,R Sound Design,https://www.youtube.com/watch?v=l2ERVetXJ_w,44:26,2937,0,,2024/12/13
For フルーツバスケット,岡崎律子,https://www.youtube.com/watch?v=l2ERVetXJ_w,53:28,3459,0,,2024/12/13
白い雪のプリンセスは,のぼる↑,https://www.youtube.com/watch?v=l2ERVetXJ_w,1:00:53,3917,0,,2024/12/13
ぽかぽかの星,はるまきごはん,https://www.youtube.com/watch?v=l2ERVetXJ_w,1:09:10,4394,0,,2024/12/13
カノープス,ナユタン星人,https://www.youtube.com/watch?v=l2ERVetXJ_w,1:32:08,5699,0,,2024/12/13
メグメル,eufonius,https://www.youtube.com/watch?v=l2ERVetXJ_w,1:42:51,6453,0,,2024/12/13
神のまにまに,れるりり,https://www.youtube.com/watch?v=l2ERVetXJ_w,2:00:56,7508,0,,2024/12/13
四角い地球を丸くする,TOKOTOKO,https://www.youtube.com/watch?v=l2ERVetXJ_w,2:15:28,8338,0,,2024/12/13
水平線,back number,https://www.youtube.com/watch?v=l2ERVetXJ_w,2:24:42,8962,0,,2024/12/13
サンタクロースがやってくる,G.Autry/O.Haldeman作曲・横井弘訳詞,https://www.youtube.com/watch?v=l2ERVetXJ_w,2:45:49,10105,0,,2024/12/13
クリスマスソング,back number,https://www.youtube.com/watch?v=MuNobMdSO3Y,12:42,1097,0,,2024/12/21
四角い地球を丸くする,TOKOTOKO,https://www.youtube.com/watch?v=MuNobMdSO3Y,37:22,2453,0,,2024/12/21
好き！雪！本気マジック,Mitchie M,https://www.youtube.com/watch?v=MuNobMdSO3Y,44:30,2867,0,,2024/12/21
ブループラネット,DECO*27,https://www.youtube.com/watch?v=MuNobMdSO3Y,51:49,3315,0,,2024/12/21
sincerely,TRUE,https://www.youtube.com/watch?v=MuNobMdSO3Y,1:02:57,4048,0,,2024/12/21
曇天,私立恵比寿中学,https://www.youtube.com/watch?v=MuNobMdSO3Y,1:26:06,5375,0,,2024/12/21
きみも悪い人でよかった,ピノキオピー,https://www.youtube.com/watch?v=MuNobMdSO3Y,1:39:58,6383,0,,2024/12/21
ビバハピ,Mitchie M,https://www.youtube.com/watch?v=C3aKSr-Cm0g,11:26,895,0,,2024/12/27
STAR☆T☆RAIN,B小町,https://www.youtube.com/watch?v=C3aKSr-Cm0g,27:45,1894,0,,2024/12/27
君じゃなきゃダメみたい,オーイシマサヨシ,https://www.youtube.com/watch?v=C3aKSr-Cm0g,47:54,3103,0,,2024/12/27
Booo!,TOKOTOKO,https://www.youtube.com/watch?v=C3aKSr-Cm0g,59:26,3736,0,,2024/12/27
君が飛び降りるのなら,Omoi,https://www.youtube.com/watch?v=C3aKSr-Cm0g,1:15:32,4698,0,,2024/12/27
３９みゅーじっく！,みきとP,https://www.youtube.com/watch?v=C3aKSr-Cm0g,1:42:24,6403,0,,2024/12/27
そばかす,JUDY AND MARY,https://www.youtube.com/watch?v=C3aKSr-Cm0g,1:49:08,6797,0,,2024/12/27
シュガーソングとビターステップ,UNISON SQUARE GARDEN,https://www.youtube.com/watch?v=C3aKSr-Cm0g,1:58:42,7373,0,,2024/12/27
花ざかりWeekend✿,4Luxury,https://www.youtube.com/watch?v=C3aKSr-Cm0g,2:06:01,7809,0,,2024/12/27
透明人間,東京事変,https://www.youtube.com/watch?v=C3aKSr-Cm0g,2:17:29,8498,0,,2024/12/27
星座になれたら,結束バンド,https://www.youtube.com/watch?v=C3aKSr-Cm0g,2:38:15,9749,0,,2024/12/27
Snow halation,μ’s,https://www.youtube.com/watch?v=C3aKSr-Cm0g,2:53:41,10679,0,,2024/12/27
四角い地球を丸くする,TOKOTOKO,https://www.youtube.com/watch?v=QhN98bpcdTw,14:57,1109,0,,2025/01/10
好き！雪！本気マジック,Mitchie M,https://www.youtube.com/watch?v=QhN98bpcdTw,23:46,1624,0,,2025/01/10
ブループラネット,DECO*27,https://www.youtube.com/watch?v=QhN98bpcdTw,41:29,2696,0,,2025/01/10
フラジール,ぬゆり,https://www.youtube.com/watch?v=QhN98bpcdTw,1:03:06,4053,0,,2025/01/10
ビターチョコデコレーション,syudou,https://www.youtube.com/watch?v=QhN98bpcdTw,1:26:10,5366,0,,2025/01/10
神のまにまに,れるりり,https://www.youtube.com/watch?v=QhN98bpcdTw,1:45:00,6551,0,,2025/01/10
ロウワー,ぬゆり,https://www.youtube.com/watch?v=QhN98bpcdTw,1:56:42,7228,0,,2025/01/10
プラネテス,seiza,https://www.youtube.com/watch?v=QhN98bpcdTw,2:15:35,8288,0,,2025/01/10
夜もすがら君想ふ,TOKOTOKO,https://www.youtube.com/watch?v=ak7QxEomrXM,14:45,1120,0,,2025/01/17
シュガーソングとビターステップ,UNISON SQUARE GARDEN,https://www.youtube.com/watch?v=ak7QxEomrXM,24:30,1720,0,,2025/01/17
忘れてやらない,結束バンド,https://www.youtube.com/watch?v=ak7QxEomrXM,56:31,3609,0,,2025/01/17
サウンド,baker,https://www.youtube.com/watch?v=ak7QxEomrXM,1:10:02,4390,0,,2025/01/17
群青,YOASOBI,https://www.youtube.com/watch?v=ak7QxEomrXM,1:20:23,5068,0,,2025/01/17
プラネテス,seiza,https://www.youtube.com/watch?v=ak7QxEomrXM,1:54:54,7047,0,,2025/01/17
ぽかぽかの星,はるまきごはん,https://www.youtube.com/watch?v=ak7QxEomrXM,2:13:40,8262,0,,2025/01/17
私はずっと笑顔だったし朝の占いだって悪くないきっと今日も大丈夫良い一日になりますように。,アメリカ民謡同好会,https://www.youtube.com/watch?v=ak7QxEomrXM,2:36:20,9657,0,,2025/01/17
ドーナツホール,ハチ,https://www.youtube.com/watch?v=ak7QxEomrXM,2:52:24,10548,0,,2025/01/17
だから僕は音楽を辞めた,ヨルシカ,https://www.youtube.com/watch?v=ak7QxEomrXM,3:16:14,12017,0,,2025/01/17
1／6,ぼーかりおどP,https://www.youtube.com/watch?v=K1abHKH3TQ4,17:42,1325,0,,2025/01/31
罪と罰 (Reloaded),DECO*27,https://www.youtube.com/watch?v=K1abHKH3TQ4,27:44,1837,0,,2025/01/31
絶望するためだけの生物。,アメリカ民謡研究会の曲,https://www.youtube.com/watch?v=K1abHKH3TQ4,46:36,2997,0,,2025/01/31
トンデモワンダーズ,Sasakure.UK,https://www.youtube.com/watch?v=K1abHKH3TQ4,1:15:35,4728,0,,2025/01/31
ぽかぽかの星,はるまきごはん,https://www.youtube.com/watch?v=K1abHKH3TQ4,2:42:20,9983,0,,2025/01/31
好き！雪！本気マジック,Mitchie M,https://www.youtube.com/watch?v=nGV_GTDCK8c,31:14,2072,0,,2025/02/07
ぽかぽかの星,はるまきごはん,https://www.youtube.com/watch?v=nGV_GTDCK8c,42:04,2767,0,,2025/02/07
初めての恋が終わる時,supercell,https://www.youtube.com/watch?v=nGV_GTDCK8c,58:38,3827,0,,2025/02/07
スターナイトスノウ,ora-bunbun-star,https://www.youtube.com/watch?v=nGV_GTDCK8c,1:18:13,4967,0,,2025/02/07
白い雪のプリンセスは,のぼる↑,https://www.youtube.com/watch?v=nGV_GTDCK8c,1:25:47,5415,0,,2025/02/07
彗星になれたなら,はるまきごはん,https://www.youtube.com/watch?v=nGV_GTDCK8c,1:33:39,5847,0,,2025/02/07
四角い地球を丸くする,TOKOTOKO,https://www.youtube.com/watch?v=nGV_GTDCK8c,1:40:33,6244,0,,2025/02/07
可愛くてごめん,HoneyWorks,https://www.youtube.com/watch?v=nGV_GTDCK8c,1:59:43,7400,0,,2025/02/07
STAR☆T☆RAIN,B小町,https://www.youtube.com/watch?v=nGV_GTDCK8c,2:08:38,7948,0,,2025/02/07
気まぐれメルシィ,八王子P,https://www.youtube.com/watch?v=nGV_GTDCK8c,2:16:20,8380,0,,2025/02/07
ハオ,DECO*27,https://www.youtube.com/watch?v=nGV_GTDCK8c,2:22:28,8727,0,,2025/02/07
さよならアンドロメダ,渋谷凛、森久保乃々、大和亜季,https://www.youtube.com/watch?v=nGV_GTDCK8c,2:33:40,9598,0,,2025/02/07
ディナーベル,はるまきごはん,https://www.youtube.com/shorts/yWuJz15-Ej4,0,41,0,,2025/03/09
プラネテス,seiza,https://www.youtube.com/watch?v=a7zjhl6CUFg&t=2739s,10:10,763,0,,2025/03/21
サウンド,baker,https://www.youtube.com/watch?v=a7zjhl6CUFg&t=2739s,28:32,1900,0,,2025/03/21
アディショナルメモリー,じん,https://www.youtube.com/watch?v=a7zjhl6CUFg&t=2739s,43:26,2844,0,,2025/03/21
カムパネルラ,ささくれP,https://www.youtube.com/watch?v=a7zjhl6CUFg&t=2739s,51:44,3354,0,,2025/03/21
サイハテ,小林オニキス,https://www.youtube.com/watch?v=a7zjhl6CUFg&t=2739s,1:07:23,4204,0,,2025/03/21
気まぐれメルシィ,八王子P,https://www.youtube.com/watch?v=a7zjhl6CUFg&t=2739s,1:14:55,4696,0,,2025/03/21
３９みゅーじっく！,みきとP,https://www.youtube.com/watch?v=a7zjhl6CUFg&t=2739s,1:24:15,5315,0,,2025/03/21
clock lock works,ハチ,https://www.youtube.com/watch?v=a7zjhl6CUFg&t=2739s,1:33:52,5891,0,,2025/03/21
回る空うさぎ,Orangestar,https://www.youtube.com/watch?v=a7zjhl6CUFg&t=2739s,1:45:22,6497,0,,2025/03/21
彗星になれたなら,はるまきごはん,https://www.youtube.com/watch?v=a7zjhl6CUFg&t=2739s,1:54:20,7087,0,,2025/03/21
君も悪い人でよかった,ピノキオピー,https://www.youtube.com/watch?v=a7zjhl6CUFg&t=2739s,2:02:01,7706,0,,2025/03/21
星座になれたら,結束バンド,https://www.youtube.com/watch?v=p0Ql24FxK78,15:11,1165,0,,2025/04/04
四角い地球を丸くする,TOKOTOKO,https://www.youtube.com/watch?v=p0Ql24FxK78,40:58,2668,0,,2025/04/04
言って。,ヨルシカ,https://www.youtube.com/watch?v=p0Ql24FxK78,1:15:40,4780,0,,2025/04/04
Catch You Catch Me,日向めぐみ,https://www.youtube.com/watch?v=p0Ql24FxK78,1:40:59,6281,0,,2025/04/04
メルト,supercell,https://www.youtube.com/watch?v=p0Ql24FxK78,1:55:10,7171,0,,2025/04/04
ワールドイズマイン,ryo,https://www.youtube.com/watch?v=p0Ql24FxK78,2:02:16,7587,0,,2025/04/04
Happy Go Lucky!ドキドキ!プリキュア,黒沢ともよ,https://www.youtube.com/watch?v=p0Ql24FxK78,2:14:56,8296,0,,2025/04/04
おジャ魔女カーニバル！！,MAHO堂,https://www.youtube.com/watch?v=p0Ql24FxK78,2:21:49,8734,0,,2025/04/04
ごはんはおかず,桜高軽音部,https://www.youtube.com/watch?v=p0Ql24FxK78,2:55:54,10741,0,,2025/04/04
快晴,Orangestar,https://www.youtube.com/watch?v=eRpsqRjBuA4,20:33,1494,0,,2025/04/11
glow,keeno,https://www.youtube.com/watch?v=eRpsqRjBuA4,32:28,2230,0,,2025/04/11
DANZEN!ふたりはプリキュア,五條真由美,https://www.youtube.com/watch?v=eRpsqRjBuA4,1:02:56,3986,0,,2025/04/11
だいしきゅーだいしゅき,femme fatale,https://www.youtube.com/watch?v=eRpsqRjBuA4,1:35:12,5921,0,,2025/04/11
瑠璃色金魚と花菖蒲,白石紬,https://www.youtube.com/watch?v=eRpsqRjBuA4,1:44:33,6528,0,,2025/04/11
キャットラビング,可不，香椎モイミ,https://www.youtube.com/watch?v=eRpsqRjBuA4,2:05:28,7643,0,,2025/04/11
曇天,私立恵比寿中学,https://www.youtube.com/watch?v=eRpsqRjBuA4,2:23:40,8829,0,,2025/04/11
花の塔,さユり,https://www.youtube.com/watch?v=J6zc67eMo-M,14:48,1164,0,,2025/04/18
FUN!!,MORE MORE JUMP！,https://www.youtube.com/watch?v=J6zc67eMo-M,31:52,2102,0,,2025/04/18
ロケットサイダー,ナユタン星人,https://www.youtube.com/watch?v=J6zc67eMo-M,55:47,3534,0,,2025/04/18
惑星ループ,ナユタン星人,https://www.youtube.com/watch?v=J6zc67eMo-M,1:02:13,3927,0,,2025/04/18
フロムトーキョー,夏代孝明,https://www.youtube.com/watch?v=J6zc67eMo-M,1:16:07,4734,0,,2025/04/18
ボルテッカー,DECO*27,https://www.youtube.com/watch?v=J6zc67eMo-M,1:37:43,6015,0,,2025/04/18
Little Busters！,Rita,https://www.youtube.com/watch?v=J6zc67eMo-M,2:05:18,7789,0,,2025/04/18
celluloid,baker,https://www.youtube.com/watch?v=J6zc67eMo-M,3:45:46,13781,0,,2025/04/18
輝夜の城で踊りたい,μ's,https://www.youtube.com/watch?v=7lSTMap6jJo,13:16,1064,0,,2025/04/25
この空の向こう,吉田 仁美,https://www.youtube.com/watch?v=7lSTMap6jJo,39:15,2578,0,,2025/04/25
メグメル,eufonius,https://www.youtube.com/watch?v=7lSTMap6jJo,58:06,3770,0,,2025/04/25
彗星になれたなら,はるまきごはん,https://www.youtube.com/watch?v=7lSTMap6jJo,1:10:35,4462,0,,2025/04/25
霽れを待つ,Orangestar,https://www.youtube.com/watch?v=7lSTMap6jJo,1:31:55,5761,0,,2025/04/25
youthful beautiful,内田真礼,https://www.youtube.com/watch?v=7lSTMap6jJo,1:40:08,6283,0,,2025/04/25
ブループラネット,DECO*27,https://www.youtube.com/watch?v=7lSTMap6jJo,1:50:40,6848,0,,2025/04/25
沙上の夢喰い少女,ハチ,https://www.youtube.com/watch?v=7lSTMap6jJo,2:18:57,8553,0,,2025/04/25
雨とカプチーノ,ヨルシカ,https://www.youtube.com/watch?v=9tPLBHmGU0Q,9:42,852,0,,2025/05/02
夜明けと蛍,N-buna,https://www.youtube.com/watch?v=9tPLBHmGU0Q,21:05,1571,0,,2025/05/02
プラネテス,seiza,https://www.youtube.com/watch?v=9tPLBHmGU0Q,40:02,2554,0,,2025/05/02
ニア,夏代孝明,https://www.youtube.com/watch?v=9tPLBHmGU0Q,46:55,3059,0,,2025/05/02
For フルーツバスケット,岡崎律子,https://www.youtube.com/watch?v=9tPLBHmGU0Q,1:08:38,4370,0,,2025/05/02
小さな手のひら,Lia,https://www.youtube.com/watch?v=9tPLBHmGU0Q,1:39:55,6275,0,,2025/05/02
クーネル・エンゲイザー,電‡鯨,https://www.youtube.com/watch?v=9tPLBHmGU0Q,2:16:04,8391,0,,2025/05/02
少女レイ,みきとP,https://www.youtube.com/watch?v=9tPLBHmGU0Q,2:27:40,9146,0,,2025/05/02
ループ,坂本真綾,https://www.youtube.com/watch?v=9tPLBHmGU0Q,2:36:34,9715,0,,2025/05/02
カトラリー,有機酸,https://www.youtube.com/watch?v=9tPLBHmGU0Q,2:46:33,10229,0,,2025/05/02
ねむるまち,くじら,https://www.youtube.com/watch?v=9tPLBHmGU0Q,2:53:38,10614,0,,2025/05/02
宇宙散歩,DECO*27,https://www.youtube.com/watch?v=vwTpaMfXd-4,7:32,609,0,,2025/05/16
君の脈で踊りたかった,ピコン,https://www.youtube.com/watch?v=vwTpaMfXd-4,23:03,1624,0,240,2025/05/16
Dear,19's Sound Factory,https://www.youtube.com/watch?v=vwTpaMfXd-4,44:20,2923,0,268,2025/05/16
貴方に花を 私に唄を,Re:nG,https://www.youtube.com/watch?v=vwTpaMfXd-4,1:05:05,4090,0,,2025/05/16
孤独の果て,光収容,https://www.youtube.com/watch?v=vwTpaMfXd-4,1:45:49,6611,0,256,2025/05/16
ダブルラリアット,アゴアニキ,https://www.youtube.com/watch?v=vwTpaMfXd-4,2:11:08,8072,0,203,2025/05/16
ペテン師が笑う頃に,梨本P,https://www.youtube.com/watch?v=vwTpaMfXd-4,2:19:10,8567,0,,2025/05/16
メルト,supercell,https://www.youtube.com/watch?v=vwTpaMfXd-4,2:28:55,9195,0,261,2025/05/16
深海少女,ゆうゆ,https://www.youtube.com/watch?v=vwTpaMfXd-4,2:37:39,9677,0,216,2025/05/16
粘着系男子の15年ネチネチ,家の裏でマンボウが死んでるP,https://www.youtube.com/watch?v=vwTpaMfXd-4,2:48:12,10443,0,,2025/05/16
カロン,KuifiQ,https://www.youtube.com/watch?v=vwTpaMfXd-4,3:00:06,11065,0,60,2025/05/16
WORLD'S END UMBRELLA,ハチ,https://www.youtube.com/watch?v=vwTpaMfXd-4,3:15:13,12036,0,,2025/05/16
忘れてやらない,結束バンド,https://www.youtube.com/watch?v=CZxnn-WOny8&t=5838s,4:49,507,0,218,2025/05/23
夜もすがら君想ふ,TOKOTOKO,https://www.youtube.com/watch?v=CZxnn-WOny8&t=5838s,14:26,1102,0,235,2025/05/23
あたしの向こう,aiko,https://www.youtube.com/watch?v=CZxnn-WOny8&t=5838s,24:05,1774,0,,2025/05/23
youthful beautiful,内田真礼,https://www.youtube.com/watch?v=CZxnn-WOny8&t=5838s,43:14,2869,0,275,2025/05/23
ループ,坂本真綾,https://www.youtube.com/watch?v=CZxnn-WOny8&t=5838s,1:04:41,4201,0,321,2025/05/23
僕らの記憶を掠わないで,rinri,https://www.youtube.com/watch?v=CZxnn-WOny8&t=5838s,1:23:04,5233,0,250,2025/05/23
夜明けと蛍,N-buna,https://www.youtube.com/watch?v=CZxnn-WOny8&t=5838s,1:48:00,6787,0,306,2025/05/23
1/6-out of the gravity-,ぼーかりおどP,https://www.youtube.com/watch?v=CZxnn-WOny8&t=5838s,1:58:28,7371,0,264,2025/05/23
ブループラネット,DECO*27,https://www.youtube.com/watch?v=CZxnn-WOny8&t=5838s,2:35:44,9552,0,208,2025/05/23
FUN!!,MORE MORE JUMP！,https://www.youtube.com/watch?v=CZxnn-WOny8&t=5838s,2:41:47,9897,0,190,2025/05/23
Catch You Catch Me,日向めぐみ,https://www.youtube.com/watch?v=CZxnn-WOny8&t=5838s,2:48:13,10315,0,222,2025/05/23
ヴィーナスとジーザス,やくしまるえつこ,https://www.youtube.com/watch?v=CZxnn-WOny8&t=5838s,2:56:44,10791,0,187,2025/05/23
異星にいこうね,いよわ,https://www.youtube.com/watch?v=CZxnn-WOny8&t=5838s,3:04:29,11235,0,165,2025/05/23
ご教示ください？,もちうつね,https://www.youtube.com/watch?v=CZxnn-WOny8&t=5838s,3:11:02,11604,0,142,2025/05/23
ブタサンダー,Yukopi,https://www.youtube.com/watch?v=CZxnn-WOny8&t=5838s,3:17:54,12008,0,134,2025/05/23
空耳ケーキ,Oranges&Lemons,https://www.youtube.com/watch?v=CZxnn-WOny8&t=5838s,3:22:55,12406,0,230,2025/05/23
ロケットサイダー,ナユタン星人,https://www.youtube.com/watch?v=DSMZ2Pm5wVg&t=39s,4:10,437,0,187,2025/05/30
メランコリック,Junky,https://www.youtube.com/watch?v=DSMZ2Pm5wVg&t=39s,12:28,964,0,217,2025/05/30
世界は恋に落ちている,HoneyWorks,https://www.youtube.com/watch?v=DSMZ2Pm5wVg&t=39s,26:35,1904,0,309,2025/05/30
不可思議のカルテ,桜島麻衣 、 古賀朋絵 、 双葉理央 、 豊浜のどか 、 梓川かえで 、 牧之原翔子,https://www.youtube.com/watch?v=DSMZ2Pm5wVg&t=39s,39:48,2624,0,235,2025/05/30
LOVEずっきゅん,相対性理論,https://www.youtube.com/watch?v=DSMZ2Pm5wVg&t=39s,54:41,3480,0,196,2025/05/30
乙女解剖,DECO*27,https://www.youtube.com/watch?v=DSMZ2Pm5wVg&t=39s,1:01:30,3910,0,221,2025/05/30
だいしきゅーだいしゅき,femme fatale,https://www.youtube.com/watch?v=DSMZ2Pm5wVg&t=39s,1:07:55,4286,0,209,2025/05/30
恋愛サーキュレーション,花澤香菜,https://www.youtube.com/watch?v=DSMZ2Pm5wVg&t=39s,1:15:05,4757,0,251,2025/05/30
sincerely,TRUE,https://www.youtube.com/watch?v=DSMZ2Pm5wVg&t=39s,1:22:22,5213,0,271,2025/05/30
flos,R Sound Design,https://www.youtube.com/watch?v=DSMZ2Pm5wVg&t=39s,1:29:30,5640,0,271,2025/05/30
ツギハギスタッカート,とあ,https://www.youtube.com/watch?v=DSMZ2Pm5wVg&t=39s,1:37:48,6111,0,242,2025/05/30
song for friends,rita,https://www.youtube.com/watch?v=DSMZ2Pm5wVg&t=39s,1:47:32,6765,0,,2025/05/30
曇天,私立恵比寿中学,https://www.youtube.com/watch?v=DSMZ2Pm5wVg&t=39s,1:58:30,7319,0,,2025/05/30
地球最後の告白を,kemu,https://www.youtube.com/watch?v=DSMZ2Pm5wVg&t=39s,2:06:02,7827,0,264,2025/05/30
花ざかりWeekend✿,4Luxury,https://www.youtube.com/watch?v=fXd83jFQ3Wo&t=1056s,14:35,1124,0,248,2025/06/13
1/6-out of the gravity-,ぼーかりおどP,https://www.youtube.com/watch?v=fXd83jFQ3Wo&t=1056s,52:42,3425,0,263,2025/06/13
エメラルドシティ,TOKOTOKO,https://www.youtube.com/watch?v=fXd83jFQ3Wo&t=1056s,1:26:59,5467,0,249,2025/06/13
テレパシ,DECO*27,https://www.youtube.com/watch?v=fXd83jFQ3Wo&t=1056s,1:37:32,5989,0,,2025/06/13
ディナーベル,はるまきごはん,https://www.youtube.com/watch?v=fXd83jFQ3Wo&t=1056s,2:03:06,7571,0,41,2025/06/13
ジェヘナ,wotaku,https://www.youtube.com/watch?v=fXd83jFQ3Wo&t=1056s,2:17:16,8480,0,245,2025/06/13
サウンド,baker,https://www.youtube.com/watch?v=fXd83jFQ3Wo&t=1056s,2:30:45,9234,0,188,2025/06/13
glow,keeno,https://www.youtube.com/watch?v=fXd83jFQ3Wo&t=1056s,2:50:16,10497,0,282,2025/06/13
FUN!!,MORE MORE JUMP！,https://www.youtube.com/watch?v=fXd83jFQ3Wo&t=1056s,3:01:34,11084,0,190,2025/06/13
Watch me!,YOASOBI,https://www.youtube.com/watch?v=0FJ8DVkMVu0&t=448s,26:38,1783,0,,2025/06/20
全力☆Summer!,angela,https://www.youtube.com/watch?v=0FJ8DVkMVu0&t=448s,46:42,3032,0,229,2025/06/20
少女レイ,みきとP,https://www.youtube.com/watch?v=0FJ8DVkMVu0&t=448s,1:21:46,5194,0,286,2025/06/20
快晴,Orangestar,https://www.youtube.com/watch?v=0FJ8DVkMVu0&t=448s,2:05:53,7814,0,261,2025/06/20
テレパシ,DECO*27,https://www.youtube.com/watch?v=0FJ8DVkMVu0&t=448s,2:18:37,8454,0,137,2025/06/20
旧約汎化街,柊マグネタイト,https://www.youtube.com/watch?v=0FJ8DVkMVu0&t=448s,2:29:21,9309,0,346,2025/06/20
君が飛び降りるのなら,Omoi,https://www.youtube.com/watch?v=0FJ8DVkMVu0&t=448s,2:43:52,9999,0,166,2025/06/20
桜前線異常ナシ,ワタルP,https://www.youtube.com/watch?v=0FJ8DVkMVu0&t=448s,2:49:47,10383,0,196,2025/06/20
Departures 〜あなたにおくるアイの歌〜,EGOIST,https://www.youtube.com/watch?v=0FJ8DVkMVu0&t=448s,3:21:54,12365,0,247,2025/06/20
catch you catch me,日向めぐみ,https://www.youtube.com/watch?v=c7lhzE22Ysw,0:57,282,0,,2025/06/24
プラネテス,seiza,https://www.youtube.com/watch?v=c7lhzE22Ysw,10:18,771,0,152,2025/06/24
FUN!!,MORE MORE JUMP！,https://www.youtube.com/watch?v=c7lhzE22Ysw,12:55,965,0,190,2025/06/24
花の塔,さユり,https://www.youtube.com/watch?v=c7lhzE22Ysw,20:37,1515,0,276,2025/06/24
１／６-out of the gravity-,ぼーかりおどP,https://www.youtube.com/watch?v=c7lhzE22Ysw,36:31,2456,0,,2025/06/24
とても素敵な六月でした,Eight,https://www.youtube.com/watch?v=OeIRGkx2f3E&t=9239s,9:21,843,0,280,2025/06/27
plazma,米津玄師,https://www.youtube.com/watch?v=OeIRGkx2f3E&t=9239s,38:33,2493,0,,2025/06/27
ハロ／ハワユ,ナノウ,https://www.youtube.com/watch?v=OeIRGkx2f3E&t=9239s,48:11,3169,0,283,2025/06/27
帝国少女,R Sound Design,https://www.youtube.com/watch?v=OeIRGkx2f3E&t=9239s,1:05:35,4188,0,253,2025/06/27
plazma,plazma,https://www.youtube.com/watch?v=OeIRGkx2f3E&t=9239s,1:17:00,4799,0,,2025/06/27
インフェルノ(1番だけ),Mrs. GREEN APPLE,https://www.youtube.com/watch?v=OeIRGkx2f3E&t=9239s,1:48:04,6566,0,,2025/06/27
自分REST@RT,765PRO ALLSTARS,https://www.youtube.com/watch?v=OeIRGkx2f3E&t=9239s,1:58:10,7433,0,343,2025/06/27
動く、動く(TVサイズ),チト、 ユーリ、 久保ユリカ、 水瀬いのり,https://www.youtube.com/watch?v=OeIRGkx2f3E&t=9239s,2:17:16,8325,0,,2025/06/27
Watch Me,天乃リリサ(前田佳織里)・橘美花莉(鬼頭明里),https://www.youtube.com/watch?v=OeIRGkx2f3E&t=9239s,2:38:34,9603,0,,2025/06/27
Tulip(GAME ver),LiPPS,https://www.youtube.com/watch?v=OeIRGkx2f3E&t=9239s,2:49:38,10305,0,126,2025/06/27
明日の私に幸あれ,ナナヲアカリ,https://www.youtube.com/watch?v=bVdV6ifgUeM,39:20,2574,0,,2025/07/04
夜もすがら君想ふ,TOKOTOKO,https://www.youtube.com/watch?v=bVdV6ifgUeM,1:18:19,4935,0,236,2025/07/04
Watch me,天乃リリサ(前田佳織里)，橘美花莉(鬼頭明里),https://www.youtube.com/watch?v=bVdV6ifgUeM,1:34:02,5850,0,,2025/07/04
ニア,夏代孝明,https://www.youtube.com/watch?v=bVdV6ifgUeM,1:59:35,7419,0,244,2025/07/04
ORCA,小林オニキス,https://www.youtube.com/watch?v=bVdV6ifgUeM,2:16:23,8462,0,277,2025/07/04
FREELY TOMORROW,Mitchie M,https://www.youtube.com/watch?v=bVdV6ifgUeM,2:31:25,9321,0,238,2025/07/04
UNDEAD,YOASOBI,https://www.youtube.com/watch?v=bVdV6ifgUeM,2:40:39,9822,0,183,2025/07/04
Dear,19's Sound Factory,https://www.youtube.com/watch?v=bVdV6ifgUeM,2:46:57,10283,0,263,2025/07/04
向日葵,Ado,https://www.youtube.com/watch?v=bVdV6ifgUeM,3:01:15,11130,0,255,2025/07/04
サラマンダー,DECO*27,https://www.youtube.com/watch?v=adRodW6uaiY,19:01,1295,0,155,2025/07/11
気まぐれメルシィ,八王子P,https://www.youtube.com/watch?v=adRodW6uaiY,47:02,3022,0,201,2025/07/11
君の知らない物語,supercell,https://www.youtube.com/watch?v=adRodW6uaiY,1:13:35,4753,0,338,2025/07/11
夕日坂,Doriko,https://www.youtube.com/watch?v=adRodW6uaiY,1:27:36,5627,0,371,2025/07/11
ハッピー☆マテリアル,麻帆良学園中等部2-A (魔法先生ネギま！),https://www.youtube.com/watch?v=adRodW6uaiY,1:46:25,6606,0,221,2025/07/11
創聖のアクエリオン,AKINO,https://www.youtube.com/watch?v=adRodW6uaiY,1:59:50,7475,0,285,2025/07/11
メルト,supercell,https://www.youtube.com/watch?v=adRodW6uaiY,2:32:52,9430,0,260,2025/07/11
ワールドイズマイン,ryo,https://www.youtube.com/watch?v=adRodW6uaiY,2:50:47,10498,0,251,2025/07/11
ブラック★ロックシューター,ryo,https://www.youtube.com/watch?v=adRodW6uaiY,3:01:48,11195,0,285,2025/07/11
キラキラの灰,リーガルリリー,https://www.youtube.com/watch?v=K_qgzTQ_kIw,18:59,1382,0,,2025/07/18
Watch me!,YOASOBI,https://www.youtube.com/watch?v=K_qgzTQ_kIw,55:56,3540,0,,2025/07/18
向日葵,Ado,https://www.youtube.com/watch?v=K_qgzTQ_kIw,1:17:52,4927,0,,2025/07/18
グッバイ宣言,Chinozo,https://www.youtube.com/watch?v=K_qgzTQ_kIw,1:30:23,5595,0,,2025/07/18
Catch You Catch Me,日向めぐみ,https://www.youtube.com/watch?v=K_qgzTQ_kIw,1:39:41,6203,0,222,2025/07/18
青空のラプソディ,fhāna,https://www.youtube.com/watch?v=K_qgzTQ_kIw,1:47:40,6732,0,271,2025/07/18
トンデモワンダーズ,Sasakure.UK,https://www.youtube.com/watch?v=K_qgzTQ_kIw,2:11:30,8082,0,193,2025/07/18
ウミユリ海底譚,N-buna,https://www.youtube.com/watch?v=K_qgzTQ_kIw,2:33:31,9447,0,,2025/07/18
わたしのアール,和田たけあき,https://www.youtube.com/watch?v=K_qgzTQ_kIw,2:51:22,10494,0,212,2025/07/18
明日の私に幸あれ,ナナヲアカリ,https://www.youtube.com/watch?v=K_qgzTQ_kIw,3:53:03,14197,0,,2025/07/18
相思相愛,aiko,https://www.youtube.com/watch?v=7WPap6Rflxk,28:09,1949,0,,2025/07/25
39みゅーじっく！,みきと,https://www.youtube.com/watch?v=7WPap6Rflxk,1:30:13,5672,0,259,2025/07/25
グリーンライツ・セレナーデ,Omoi,https://www.youtube.com/watch?v=7WPap6Rflxk,1:42:06,6367,0,242,2025/07/25
砂の惑星,ハチ,https://www.youtube.com/watch?v=7WPap6Rflxk,1:50:05,6841,0,237,2025/07/25
愛されなくても君がいる,ピノキオピー,https://www.youtube.com/watch?v=7WPap6Rflxk,2:16:25,8452,0,266,2025/07/25
ブループラネット,DECO*27,https://www.youtube.com/watch?v=7WPap6Rflxk,2:23:34,8822,0,208,2025/07/25
アスノヨゾラ哨戒班,Orangestar,https://www.youtube.com/watch?v=7WPap6Rflxk,2:53:00,10553,0,172,2025/07/25
ウミユリ海底譚,N-buna,https://www.youtube.com/watch?v=7WPap6Rflxk,3:11:18,11714,0,,2025/07/25
夜明けと蛍,N-buna,https://www.youtube.com/watch?v=7WPap6Rflxk,3:37:40,13368,0,307,2025/07/25
ねむるまち,くじら,https://www.youtube.com/watch?v=7WPap6Rflxk,3:53:53,14228,0,196,2025/07/25
ロケットサイダー,ナユタン星人,https://www.youtube.com/watch?v=niFHGHNO1E0,5:45,533,0,187,2025/08/01
ガーネット,奥華子,https://www.youtube.com/watch?v=niFHGHNO1E0,45:17,3030,0,314,2025/08/01
ベノム,かいりきベア,https://www.youtube.com/watch?v=niFHGHNO1E0,1:38:04,6080,0,196,2025/08/01
KING,Kanaria,https://www.youtube.com/watch?v=niFHGHNO1E0,1:53:13,6927,0,134,2025/08/01
言って。,ヨルシカ,https://www.youtube.com/watch?v=niFHGHNO1E0,2:00:01,7441,0,240,2025/08/01
キラキラの灰,リーガルリリー,https://www.youtube.com/watch?v=niFHGHNO1E0,2:32:57,9422,0,,2025/08/01
相思相愛,aiko,https://www.youtube.com/watch?v=niFHGHNO1E0,2:42:06,9985,0,,2025/08/01
明日の私に幸あれ,ナナヲアカリ,https://www.youtube.com/watch?v=niFHGHNO1E0,3:11:48,11722,0,,2025/08/01
宇宙散歩,DECO*27,https://www.youtube.com/watch?v=2PhnDmbdctA,16:09,1126,0,157,2025/08/08
夜もすがら君想ふ,TOKOTOKO,https://www.youtube.com/watch?v=2PhnDmbdctA,50:12,3247,0,236,2025/08/08
サマータイムレコード,じん,https://www.youtube.com/watch?v=2PhnDmbdctA,1:05:10,4183,0,269,2025/08/08
自傷無色,ねこぼーろ,https://www.youtube.com/watch?v=2PhnDmbdctA,1:29:40,5594,0,,2025/08/08
深海シティアンダーグラウンド,田中B,https://www.youtube.com/watch?v=2PhnDmbdctA,1:46:46,6681,0,274,2025/08/08
少女レイ,みきとP,https://www.youtube.com/watch?v=2PhnDmbdctA,2:13:25,8292,0,288,2025/08/08
青と夏,Mrs. GREEN APPLE,https://www.youtube.com/watch?v=2PhnDmbdctA,2:31:48,9378,0,,2025/08/08
あの夏が飽和する,カンザキイオリ,https://www.youtube.com/watch?v=2PhnDmbdctA,3:32:09,13096,0,268,2025/08/08
ODDS&ENDS,ryo,https://www.youtube.com/watch?v=2PhnDmbdctA,3:44:38,13810,0,330,2025/08/08
Fire◎Flower,halyosy,https://www.youtube.com/watch?v=2PhnDmbdctA,3:53:38,14278,0,258,2025/08/08
ハオ,DECO*27,https://www.youtube.com/watch?v=vcY1yxehWDo,8:34,694,0,179,2025/08/15
ハッピーシンセサイザ,EasyPop,https://www.youtube.com/watch?v=vcY1yxehWDo,17:30,1280,0,231,2025/08/15
おちゃめ機能,ゴジマジＰ,https://www.youtube.com/watch?v=vcY1yxehWDo,42:38,2806,0,247,2025/08/15
ぽっぴっぽー,ラマーズP,https://www.youtube.com/watch?v=vcY1yxehWDo,1:05:07,4085,0,177,2025/08/15
カゲロウデイズ,じん,https://www.youtube.com/watch?v=vcY1yxehWDo,1:15:05,4737,0,231,2025/08/15
チルドレンレコード,じん,https://www.youtube.com/watch?v=vcY1yxehWDo,1:29:29,5553,0,,2025/08/15
プラチナ,坂本真綾,https://www.youtube.com/watch?v=vcY1yxehWDo,2:16:26,8434,0,246,2025/08/15
メルティランドナイトメア,はるまきごはん,https://www.youtube.com/watch?v=vcY1yxehWDo,2:25:55,9020,0,263,2025/08/15
不可思議のカルテ,桜島麻衣、古賀朋絵、双葉理央、豊浜のどか、梓川かえで、牧之原翔子,https://www.youtube.com/watch?v=DH5nxIAifnU,1763,1997,0,,2025/08/22
セカイ再信仰特区,ろくろ,https://www.youtube.com/watch?v=DH5nxIAifnU,3814,4037,0,,2025/08/22
トンデモワンダーズ,sasakure.UK,https://www.youtube.com/watch?v=DH5nxIAifnU,4742,4935,0,,2025/08/22
夜もすがら君想ふ,TOKOTOKO,https://www.youtube.com/watch?v=DH5nxIAifnU,6566,6801,0,,2025/08/22
どうぶつ占い,すこっぷ,https://www.youtube.com/watch?v=DH5nxIAifnU,8470,8761,0,,2025/08/22
カサブタ,千綿ヒデノリ,https://www.youtube.com/watch?v=DH5nxIAifnU,9162,9356,0,,2025/08/22
ご教示ください？,もちうつね,https://www.youtube.com/watch?v=DH5nxIAifnU,11795,11937,0,,2025/08/22
花ざかりWeekend✿,4Luxury,https://www.youtube.com/watch?v=q-_Abc7gRqQ,1083,1330,0,,2025/08/29
READY!!,765PRO ALLSTARS,https://www.youtube.com/watch?v=q-_Abc7gRqQ,2022,2282,0,,2025/08/29
Star!!,CINDERELLA PROJECT,https://www.youtube.com/watch?v=q-_Abc7gRqQ,3545,3791,0,,2025/08/29
お願い！シンデレラ,CINDERELLA PROJECT,https://www.youtube.com/watch?v=q-_Abc7gRqQ,4965,5210,0,,2025/08/29
ススメ☆オトメ～jewel parade～,CINDERELLA PROJECT,https://www.youtube.com/watch?v=q-_Abc7gRqQ,6653,6927,0,,2025/08/29
M@GIC☆,CINDERELLA PROJECT,https://www.youtube.com/watch?v=q-_Abc7gRqQ,8426,8702,0,,2025/08/29
不埒なCANVAS,塩見周子、 輿水幸子、 相葉夕美,https://www.youtube.com/watch?v=q-_Abc7gRqQ,9159,9283,0,,2025/08/29
自分REST@RT,765PRO ALLSTARS,https://www.youtube.com/watch?v=q-_Abc7gRqQ,10301,10643,0,,2025/08/29
ウニ,Adeliae,https://www.youtube.com/watch?v=TvfE5U87CuQ,429,594,0,,2025/09/05
1／6,ぼーかりおどP,https://www.youtube.com/watch?v=TvfE5U87CuQ,2433,2694,0,,2025/09/05
ボルテッカー,DECO*27,https://www.youtube.com/watch?v=TvfE5U87CuQ,4168,4319,0,,2025/09/05
うわがき,いよわ,https://www.youtube.com/watch?v=TvfE5U87CuQ,4899,5091,0,,2025/09/05
プラネテス,seiza,https://www.youtube.com/watch?v=TvfE5U87CuQ,6691,6844,0,,2025/09/05
カロン,KuifiQ,https://www.youtube.com/watch?v=TvfE5U87CuQ,7512,7770,0,,2025/09/05
宇宙散歩,DECO*27,https://www.youtube.com/watch?v=TvfE5U87CuQ,9075,9232,0,,2025/09/05
カムパネルラ,ささくれP,https://www.youtube.com/watch?v=TvfE5U87CuQ,9899,10146,0,,2025/09/05
曇天／私立恵比寿中学,私立恵比寿中学,https://www.youtube.com/watch?v=E2eb9GeTWzk,3518,3726,0,,2025/09/12
キラキラの灰,リーガルリリー,https://www.youtube.com/watch?v=E2eb9GeTWzk,4589,4833,0,,2025/09/12
扇風機ビブラート,ゆこぴ,https://www.youtube.com/watch?v=E2eb9GeTWzk,5734,5871,0,,2025/09/12
ウニ,Adeliae,https://www.youtube.com/watch?v=E2eb9GeTWzk,6167,6332,0,,2025/09/12
重音テトはこんなパーティ二人で抜け出せるのか,かてらざわ,https://www.youtube.com/watch?v=E2eb9GeTWzk,7118,7221,0,,2025/09/12
ビバハピ,Mitchie M,https://www.youtube.com/watch?v=E2eb9GeTWzk,9376,9585,0,,2025/09/12
テレパシ,DECO*27,https://www.youtube.com/watch?v=E2eb9GeTWzk,9893,10039,0,,2025/09/12
UNDEAD,YOASOBI,https://www.youtube.com/watch?v=E2eb9GeTWzk,10841,11023,0,,2025/09/12
ウニ,Adeliae,https://www.youtube.com/watch?v=Kt-yN7svQy8,1839,2004,0,,2025/09/19
ニア,夏代孝明,https://www.youtube.com/watch?v=Kt-yN7svQy8,2168,2412,0,,2025/09/19
1／6,ぼーかりおどP,https://www.youtube.com/watch?v=Kt-yN7svQy8,3210,3474,0,,2025/09/19
ド屑,なきそ,https://www.youtube.com/watch?v=Kt-yN7svQy8,3720,3836,0,,2025/09/19
邪魔,syudou,https://www.youtube.com/watch?v=Kt-yN7svQy8,6252,6458,0,,2025/09/19
色彩,坂本真綾,https://www.youtube.com/watch?v=Kt-yN7svQy8,7078,7347,0,,2025/09/19
ブタサンダー,Yukopi,https://www.youtube.com/watch?v=7Ctnhi2bCD0,2601,2735,0,,2025/09/26
寿司屋でなんでもにぎってくれる初音ミク,ゆかてふ,https://www.youtube.com/watch?v=7Ctnhi2bCD0,3291,3383,0,,2025/09/26
終わってる料理番組,かてらざわ,https://www.youtube.com/watch?v=7Ctnhi2bCD0,4097,4242,0,,2025/09/26
ソラニン,ASIAN KUNG-FU GENERATION,https://www.youtube.com/watch?v=7Ctnhi2bCD0,5397,5666,0,,2025/09/26
花の塔,さユり,https://www.youtube.com/watch?v=7Ctnhi2bCD0,7328,7603,0,,2025/09/26
惑星ループ,ナユタン星人,https://www.youtube.com/watch?v=JUxycZz0Hzw,7:44,656,0,194,2025/12/26
1/6 -out of the gravity-,ぼーかりおどP,https://www.youtube.com/watch?v=JUxycZz0Hzw,30:16,2082,0,,2025/12/26
キラキラの灰,リーガルリリー,https://www.youtube.com/watch?v=JUxycZz0Hzw,52:03,3368,0,244,2025/12/26
ディナーベル,はるまきごはん,https://www.youtube.com/watch?v=JUxycZz0Hzw,1:20:08,4993,0,,2025/12/26
相思相愛,aiko,https://www.youtube.com/watch?v=JUxycZz0Hzw,1:44:16,6515,0,259,2025/12/26
四角い地球を丸くする,TOKOTOKO,https://www.youtube.com/watch?v=JUxycZz0Hzw,2:08:24,7916,0,210,2025/12/26
忘れてやらない,結束バンド,https://www.youtube.com/watch?v=JUxycZz0Hzw,02:21:51,8730,0,218,2025/12/26
ウニ,Adeliae,https://www.youtube.com/watch?v=JUxycZz0Hzw,2:30:46,9212,0,165,2025/12/26
文学少年の憂鬱,ナノウ,https://www.youtube.com/watch?v=JUxycZz0Hzw,2:50:07,10571,0,365,2025/12/26
神のまにまに,れるりり,https://www.youtube.com/watch?v=3IoHsgP6eNw,27:49,1921,0,,2026/01/02
好き！雪！本気マジック,Mitchie M,https://www.youtube.com/watch?v=3IoHsgP6eNw,56:01,3559,0,,2026/01/02
ぽかぽかの星,はるまきごはん,https://www.youtube.com/watch?v=3IoHsgP6eNw,1:06:47,4250,0,,2026/01/02
クーネル・エンゲイザー,電‡鯨,https://www.youtube.com/watch?v=3IoHsgP6eNw,1:34:29,5896,0,,2026/01/02
カノープス,ナユタン星人,https://www.youtube.com/watch?v=3IoHsgP6eNw,3:00:09,10981,0,,2026/01/02
ぽかぽかの星,はるまきごはん,https://www.youtube.com/watch?v=8QMqycgk_Bg,11:02,905,0,,2026/01/09
FUN!!,MORE MORE JUMP！,https://www.youtube.com/watch?v=8QMqycgk_Bg,40:14,2604,0,,2026/01/09
怪獣になりたい,Sakuzyo,https://www.youtube.com/watch?v=8QMqycgk_Bg,1:05:21,4041,0,,2026/01/09
そして君は月になった,きくお,https://www.youtube.com/watch?v=8QMqycgk_Bg,1:18:00,4948,0,,2026/01/09
夜明けと蛍,N-buna,https://www.youtube.com/watch?v=8QMqycgk_Bg,1:43:16,6505,0,,2026/01/09
JANE DOE,宇多田ヒカル,https://www.youtube.com/watch?v=8QMqycgk_Bg,1:57:36,7286,0,,2026/01/09
ボルテッカー,DECO*27,https://www.youtube.com/watch?v=5W7eF_BSdRY,31:46,2057,0,151,2026/07/20
快晴,Orangestar,https://www.youtube.com/watch?v=5W7eF_BSdRY,58:55,3795,0,261,2026/07/20
1/6-out of the gravity-,ぼーかりおどP,https://www.youtube.com/watch?v=5W7eF_BSdRY,2:17:07,8492,0,263,2026/07/20
ねえ、言っちゃうよ。,初星学園 (月村手毬・十王星南・秦谷美鈴),https://www.youtube.com/watch?v=jVwLVx6X_1c,20:56,-1,0,,2026/10/04
１／６-out of the gravity-,ぼーかりおどP,https://www.youtube.com/watch?v=jVwLVx6X_1c,58:16,-1,0,265,2026/10/04
コンテンポラリのダンス,篠澤広,https://www.youtube.com/watch?v=jVwLVx6X_1c,1:13:10,-1,0,,2026/10/04
ガラクタロード,初星学園,https://www.youtube.com/watch?v=jVwLVx6X_1c,1:36:31,-1,0,,2026/10/04
Campus mode!!,初星学園,https://www.youtube.com/watch?v=jVwLVx6X_1c,1:51:29,-1,0,,2026/10/04
初,初星学園,https://www.youtube.com/watch?v=jVwLVx6X_1c,2:11:35,-1,0,,2026/10/04
Agitato,初星学園 (花海咲季・葛城リーリヤ・花海佑芽),https://www.youtube.com/watch?v=jVwLVx6X_1c,2:23:13,-1,0,,2026/10/04
